scheme_name,category_type,min_age,max_age,max_annual_income,applicable_state,social_category,occupation,gender,description,benefits,apply_link,deadline,form_link
PM Kisan Samman Nidhi,Agriculture,18.0,,,All,All,Farmer,All,Income support scheme for small and marginal farmer families,Rs 6000 per year in 3 installments directly to bank account,https://pmkisan.gov.in,,https://pmkisan.gov.in
PM Fasal Bima Yojana,Agriculture,18.0,,,All,All,Farmer,All,Crop insurance scheme covering losses due to natural calamities,Premium as low as 2% for kharif and 1.5% for rabi crops,https://pmfby.gov.in,,https://pmfby.gov.in
Kisan Credit Card Scheme,Agriculture,18.0,,,All,All,Farmer,All,Short term credit facility for farmers,Credit up to Rs 3 lakh at subsidized interest rate,https://www.myscheme.gov.in,,
Soil Health Card Scheme,Agriculture,18.0,,,All,All,Farmer,All,Provides soil nutrient status and fertilizer recommendations,Free soil testing and health card every 2 years,https://www.myscheme.gov.in,,
PM Krishi Sinchayee Yojana,Agriculture,18.0,,,All,All,Farmer,All,Irrigation scheme to improve water use efficiency,Financial assistance for micro irrigation infrastructure,https://www.myscheme.gov.in,,
e-NAM (National Agriculture Market),Agriculture,18.0,,,All,All,Farmer,All,Online trading platform for agricultural commodities,Access to pan-India market for better price discovery,https://enam.gov.in,,
PM Annadata Aay Sanrakshan Abhiyan (PM-AASHA),Agriculture,18.0,,,All,All,Farmer,All,Ensures remunerative prices to farmers for their produce,Price support and price deficiency payment,https://www.myscheme.gov.in,,
Rashtriya Krishi Vikas Yojana,Agriculture,18.0,,,All,All,Farmer,All,Holistic growth of agriculture and allied sectors,State-specific financial assistance for farm projects,https://www.myscheme.gov.in,,
PM Kisan Maandhan Yojana,Agriculture,18.0,40.0,,All,All,Farmer,All,Pension scheme for small and marginal farmers,Rs 3000 monthly pension after age 60,https://www.myscheme.gov.in,,
Agriculture Infrastructure Fund,Agriculture,18.0,,,All,All,Farmer,All,Financing facility for post-harvest management infrastructure,Interest subvention of 3% on loans up to Rs 2 crore,https://www.myscheme.gov.in,,
PM Formalisation of Micro Food Processing Enterprises (PMFME),Agriculture,18.0,,,All,All,Entrepreneur,All,Support for unorganized micro food processing units,Credit linked subsidy of 35% of project cost,https://www.myscheme.gov.in,,
PM Matsya Sampada Yojana,Agriculture,18.0,,,All,All,Fisherman,All,Development of fisheries sector,Financial support for fisheries infrastructure and livelihoods,https://www.myscheme.gov.in,,
Rashtriya Gokul Mission,Agriculture,18.0,,,All,All,Farmer,All,Conservation and development of indigenous cattle breeds,Support for breeding farms and genetic improvement,https://www.myscheme.gov.in,,
National Beekeeping and Honey Mission,Agriculture,18.0,,,All,All,Farmer,All,Promotion of scientific beekeeping,Financial assistance for beekeeping equipment and training,https://www.myscheme.gov.in,,
Paramparagat Krishi Vikas Yojana,Agriculture,18.0,,,All,All,Farmer,All,Promotion of organic farming through cluster approach,Financial assistance of Rs 50000 per hectare over 3 years,https://www.myscheme.gov.in,,
Kisan Rail Scheme,Agriculture,18.0,,,All,All,Farmer,All,Rail transport for perishable agricultural produce,Subsidized freight for transporting fruits and vegetables,https://www.myscheme.gov.in,,
Operation Greens Scheme,Agriculture,18.0,,,All,All,Farmer,All,"Stabilization of price of tomato, onion and potato",Subsidy on transport and storage of TOP crops,https://www.myscheme.gov.in,,
National Food Security Mission,Agriculture,18.0,,,All,All,Farmer,All,"Increasing production of rice, wheat, pulses and coarse cereals","Support for seeds, farm machinery and demonstrations",https://www.myscheme.gov.in,,
Micro Irrigation Fund,Agriculture,18.0,,,All,All,Farmer,All,Expansion of micro irrigation coverage,Additional funding support beyond PMKSY,https://www.myscheme.gov.in,,
Sub Mission on Agricultural Mechanization,Agriculture,18.0,,,All,All,Farmer,All,Promotes use of farm machinery,Subsidy on purchase of agricultural equipment,https://www.myscheme.gov.in,,
MGNREGA,Rural Development,18.0,,,All,All,Laborer,All,Guarantees 100 days of wage employment in rural areas,Guaranteed wage employment for rural households,https://nrega.nic.in,,https://nrega.nic.in
PM Awas Yojana - Gramin,Housing,18.0,,120000.0,All,All,BPL,All,Housing for rural poor households,Financial assistance for pucca house construction,https://www.myscheme.gov.in,,
PM Gram Sadak Yojana,Rural Development,,,,All,All,All,All,Rural road connectivity programme,All-weather road connectivity to unconnected habitations,https://www.myscheme.gov.in,,
Deendayal Antyodaya Yojana - NRLM,Rural Development,18.0,,,All,All,BPL,All,Poverty alleviation through self-help groups,"Bank linkage, skill training and livelihood support",https://aajeevika.gov.in,,https://aajeevika.gov.in
Deendayal Upadhyaya Grameen Kaushalya Yojana (DDU-GKY),Skill Development,15.0,35.0,,All,All,Unemployed Youth,All,Skill training for rural youth,Free skill training and placement assistance,https://www.myscheme.gov.in,,
Shyama Prasad Mukherji Rurban Mission,Rural Development,,,,All,All,All,All,Development of rural growth clusters,Infrastructure development in rural clusters,https://www.myscheme.gov.in,,
Rural Housing Interest Subsidy Scheme,Housing,18.0,,600000.0,All,All,All,All,Interest subsidy on home loans for rural housing,Subsidy on housing loan interest rate,https://www.myscheme.gov.in,,
Jal Jeevan Mission,Rural Development,,,,All,All,All,All,Providing tap water connection to every rural household,Functional household tap water connections,https://www.myscheme.gov.in,,
Saansad Adarsh Gram Yojana,Rural Development,,,,All,All,All,All,Holistic development of model villages,Convergence of schemes for village development,https://www.myscheme.gov.in,,
Deendayal Antyodaya Yojana - NULM,Urban Development,18.0,,,All,All,BPL,All,Urban poverty alleviation programme,Self-employment and skill training support for urban poor,https://www.myscheme.gov.in,,
PM Surya Ghar Muft Bijli Yojana,Energy,,,,All,All,All,All,Rooftop solar scheme for households,Free electricity up to 300 units per month,https://pmsuryaghar.gov.in,,https://pmsuryaghar.gov.in
Saubhagya Scheme,Energy,,,,All,All,BPL,All,Universal household electrification scheme,Free electricity connections to poor households,https://www.myscheme.gov.in,,
Deendayal Upadhyaya Gram Jyoti Yojana,Energy,,,,All,All,All,All,Rural electrification and feeder separation,Continuous power supply to rural households,https://www.myscheme.gov.in,,
PM Ujjwala Yojana,Energy,18.0,,,All,BPL,All,Female,Free LPG connections to women from BPL households,Free gas connection with financial support for first refill,https://pmuy.gov.in,,https://pmuy.gov.in
PM-KUSUM,Energy,18.0,,,All,All,Farmer,All,Solar power scheme for farmers,Subsidy for solar pumps and grid-connected solar plants,https://www.myscheme.gov.in,,
UJALA Scheme,Energy,,,,All,All,All,All,Distribution of energy-efficient LED bulbs,LED bulbs at subsidized cost to households,https://www.myscheme.gov.in,,
Standalone Solar Pump Scheme,Energy,18.0,,,All,All,Farmer,All,Installation of solar-powered irrigation pumps,Subsidy up to 60% on solar pump cost,https://www.myscheme.gov.in,,
Ayushman Bharat (PM-JAY),Health,0.0,,250000.0,All,All,All,All,Health insurance cover for economically weaker families,Rs 5 lakh health cover per family per year for hospitalization,https://pmjay.gov.in,,https://pmjay.gov.in
Ayushman Bharat Health Infrastructure Mission,Health,,,,All,All,All,All,Strengthening of health infrastructure,Development of health and wellness infrastructure,https://www.myscheme.gov.in,,
Janani Suraksha Yojana,Health,18.0,,,All,BPL,All,Female,Safe motherhood intervention scheme,Cash assistance for institutional delivery,https://www.myscheme.gov.in,,
Janani Shishu Suraksha Karyakram,Health,,,,All,All,All,All,Free entitlements for pregnant women and sick infants,Free delivery including caesarean and free transport,https://www.myscheme.gov.in,,
PM Surakshit Matritva Abhiyan,Health,18.0,,,All,All,All,Female,Free antenatal care for pregnant women,Free health checkups on 9th of every month,https://www.myscheme.gov.in,,
Rashtriya Bal Swasthya Karyakram,Health,0.0,18.0,,All,All,Student,All,Child health screening and early intervention,Free health screening and treatment for children,https://www.myscheme.gov.in,,
National Health Mission,Health,,,,All,All,All,All,Universal access to equitable and affordable healthcare,Strengthening of public health systems,https://www.myscheme.gov.in,,
PM National Dialysis Programme,Health,,,,All,All,All,All,Free dialysis services for the poor,Free dialysis at government hospitals,https://www.myscheme.gov.in,,
Mission Indradhanush,Health,0.0,2.0,,All,All,All,All,Full immunization coverage for children and pregnant women,Free vaccination against preventable diseases,https://www.myscheme.gov.in,,
Revised National Tuberculosis Control Programme,Health,,,,All,All,All,All,Detection and treatment of tuberculosis,"Free TB diagnosis, treatment and nutritional support",https://www.myscheme.gov.in,,
National AIDS Control Programme,Health,,,,All,All,All,All,Prevention and control of HIV/AIDS,"Free testing, counselling and antiretroviral therapy",https://www.myscheme.gov.in,,
National Mental Health Programme,Health,,,,All,All,All,All,Mental healthcare services for all,Free mental health counselling and treatment,https://www.myscheme.gov.in,,
National Programme for Control of Blindness,Health,,,,All,All,All,All,Prevention and control of blindness,Free cataract surgery and eye care services,https://www.myscheme.gov.in,,
National Leprosy Eradication Programme,Health,,,,All,All,All,All,Detection and treatment of leprosy,Free multi-drug therapy for leprosy patients,https://www.myscheme.gov.in,,
e-Sanjeevani Telemedicine,Health,,,,All,All,All,All,Free online medical consultation service,Free doctor consultation via video call,https://esanjeevani.mohfw.gov.in,,
Ayushman Bharat Digital Mission,Health,,,,All,All,All,All,Digital health ID and records ecosystem,Unique digital health ID for every citizen,https://www.myscheme.gov.in,,
Central Government Health Scheme (CGHS),Health,,,,All,All,Government Employee,All,Comprehensive healthcare for central govt employees and pensioners,Cashless treatment at empanelled hospitals,https://www.myscheme.gov.in,,
Rashtriya Arogya Nidhi,Health,,,,All,BPL,All,All,Financial assistance for life threatening diseases,Financial assistance up to Rs 15 lakh for treatment,https://www.myscheme.gov.in,,
PM Bhartiya Janaushadhi Pariyojana,Health,,,,All,All,All,All,Affordable generic medicines through dedicated stores,Generic medicines at 50-90% lower cost,https://www.myscheme.gov.in,,
National Programme for Health Care of Elderly,Health,60.0,,,All,All,Senior Citizen,All,Dedicated healthcare services for elderly,Free geriatric health services at government facilities,https://www.myscheme.gov.in,,
Anemia Mukt Bharat,Health,,,,All,All,All,All,Reduction of anemia among vulnerable groups,Free iron and folic acid supplementation,https://www.myscheme.gov.in,,
Rashtriya Vayoshri Yojana,Health,60.0,,,All,BPL,Senior Citizen,All,Assistive devices for senior citizens,Free aids and assisted living devices,https://www.myscheme.gov.in,,
Beti Bachao Beti Padhao,Education/Savings,0.0,,,All,All,Student,Female,Awareness and welfare scheme for girl child,Awareness campaigns and welfare initiatives,https://www.myscheme.gov.in,,
Sukanya Samriddhi Yojana,Education/Savings,0.0,10.0,,All,All,All,Female,Small savings scheme for girl child education and marriage,High interest savings account with tax benefits under 80C,https://www.nsiindia.gov.in,,
Pradhan Mantri Matru Vandana Yojana,Health,18.0,45.0,200000.0,All,All,All,Female,Maternity benefit scheme for pregnant and lactating women,Rs 5000 cash benefit for first child,https://pmmvy.wcd.gov.in,,https://pmmvy.wcd.gov.in
Mission Shakti,Women Welfare,,,,All,All,All,Female,"Safety, security and empowerment of women",Umbrella scheme for women safety and empowerment,https://www.myscheme.gov.in,,
Mission Vatsalya,Child Welfare,0.0,18.0,,All,All,All,All,Child protection and welfare services,Support for children in difficult circumstances,https://www.myscheme.gov.in,,
Mission Poshan 2.0,Health,0.0,6.0,,All,All,All,All,Nutrition support for children and pregnant women,Supplementary nutrition and health services,https://www.myscheme.gov.in,,
Integrated Child Development Services,Child Welfare,0.0,6.0,,All,All,All,All,"Nutrition, health and pre-school education for children",Supplementary nutrition and health checkups,https://www.myscheme.gov.in,,
PM POSHAN (Mid Day Meal),Education,5.0,14.0,,All,All,Student,All,Free cooked meal for school children,Free cooked meal for children in government schools,https://www.myscheme.gov.in,,
Ujjawala Scheme,Women Welfare,,,,All,All,All,Female,Prevention of trafficking and rehabilitation of victims,"Rescue, rehabilitation and reintegration support",https://www.myscheme.gov.in,,
Swadhar Greh Scheme,Women Welfare,18.0,,,All,All,All,Female,Shelter and rehabilitation for women in difficult circumstances,"Shelter, food, clothing and counselling",https://www.myscheme.gov.in,,
Working Women Hostel Scheme,Women Welfare,18.0,,,All,All,Employed,Female,Safe accommodation for working women,Subsidized hostel accommodation near workplace,https://www.myscheme.gov.in,,
Mahila Shakti Kendra,Women Welfare,,,,All,All,All,Female,Community engagement for women empowerment,Skill development and awareness for rural women,https://www.myscheme.gov.in,,
Support to Training and Employment Programme for Women (STEP),Skill Development,16.0,,,All,All,Unemployed,Female,Skill training for economic empowerment of women,Free skill training and market linkage,https://www.myscheme.gov.in,,
One Stop Centre Scheme,Women Welfare,,,,All,All,All,Female,Support for women affected by violence,"Medical, legal and counselling assistance under one roof",https://www.myscheme.gov.in,,
PM CARES for Children Scheme,Child Welfare,0.0,18.0,,All,All,All,All,Support for children orphaned due to COVID-19,Financial support and education assistance,https://www.myscheme.gov.in,,
National Creche Scheme,Child Welfare,0.0,6.0,,All,All,All,All,Daycare facilities for children of working mothers,Free creche facility with nutrition and healthcare,https://www.myscheme.gov.in,,
Kishori Shakti Yojana,Child Welfare,11.0,18.0,,All,All,Student,Female,Empowerment of adolescent girls,"Nutrition, health education and vocational training",https://www.myscheme.gov.in,,
Indira Gandhi National Old Age Pension Scheme,Social Welfare,60.0,,,All,BPL,Senior Citizen,All,Pension for elderly persons below poverty line,Monthly pension of Rs 200-500,https://www.myscheme.gov.in,,
Indira Gandhi National Widow Pension Scheme,Social Welfare,40.0,79.0,,All,BPL,All,Female,Pension for widows below poverty line,Monthly pension assistance,https://www.myscheme.gov.in,,
Indira Gandhi National Disability Pension Scheme,Social Welfare,18.0,79.0,,All,BPL,Disabled,All,Pension for persons with severe disability,Monthly pension assistance,https://www.myscheme.gov.in,,
National Family Benefit Scheme,Social Welfare,18.0,,,All,BPL,All,All,Financial assistance to family on death of breadwinner,One-time assistance of Rs 20000,https://www.myscheme.gov.in,,
Atal Pension Yojana,Social Welfare,18.0,40.0,,All,All,Unorganized Worker,All,Pension scheme for unorganized sector workers,Guaranteed monthly pension of Rs 1000-5000 after 60,https://www.myscheme.gov.in,,
PM Shram Yogi Maandhan,Social Welfare,18.0,40.0,180000.0,All,All,Unorganized Worker,All,Pension scheme for unorganized workers,Rs 3000 monthly pension after age 60,https://www.myscheme.gov.in,,
PM Laghu Vyapari Maandhan Yojana,Social Welfare,18.0,40.0,,All,All,Trader,All,Pension scheme for small traders and shopkeepers,Rs 3000 monthly pension after age 60,https://www.myscheme.gov.in,,
National Pension Scheme for Traders,Social Welfare,18.0,40.0,,All,All,Trader,All,Old age protection for retail traders,Assured pension of Rs 3000 per month,https://www.myscheme.gov.in,,
PM Vaya Vandana Yojana,Social Welfare,60.0,,,All,All,Senior Citizen,All,Pension scheme for senior citizens,Guaranteed regular pension for 10 years,https://www.licindia.in,,
PM Jeevan Jyoti Bima Yojana,Insurance,18.0,50.0,,All,All,All,All,Life insurance scheme at low premium,Rs 2 lakh life cover at Rs 436 premium per year,https://jansuraksha.gov.in,,https://jansuraksha.gov.in
PM Suraksha Bima Yojana,Insurance,18.0,70.0,,All,All,All,All,Accident insurance scheme at low premium,Rs 2 lakh cover for accidental death at Rs 20 premium per year,https://jansuraksha.gov.in,,https://jansuraksha.gov.in
National Social Assistance Programme,Social Welfare,,,,All,BPL,All,All,Umbrella social security programme for the poor,"Pension, family benefit and maternity benefit support",https://www.myscheme.gov.in,,
e-Shram Portal,Social Welfare,16.0,59.0,,All,All,Unorganized Worker,All,National database of unorganized workers,Access to social security schemes and accident insurance,https://eshram.gov.in,,https://eshram.gov.in
PM Awas Yojana - Urban,Housing,18.0,,600000.0,All,All,All,All,Affordable housing scheme for urban poor and middle income groups,Interest subsidy on home loans up to Rs 2.67 lakh,https://pmaymis.gov.in,,https://pmaymis.gov.in
Credit Linked Subsidy Scheme,Housing,18.0,,1800000.0,All,All,All,All,Interest subsidy component of PMAY-U,Interest subsidy on housing loans,https://www.myscheme.gov.in,,
Affordable Rental Housing Complexes,Housing,18.0,,,All,All,Migrant Worker,All,Rental housing for urban migrants and poor,Affordable rental housing units,https://www.myscheme.gov.in,,
PM Kaushal Vikas Yojana,Skill Development,15.0,45.0,,All,All,Unemployed Youth,All,Skill development and training for youth,Free skill training with certification and placement,https://www.myscheme.gov.in,,
National Career Service,Employment,18.0,,,All,All,Unemployed,All,Career counselling and job matching platform,Free job matching and career counselling services,https://www.ncs.gov.in,,
Jan Shikshan Sansthan Scheme,Skill Development,15.0,,,All,All,Unemployed,All,Vocational skill training for non-literate and neo-literate persons,Free vocational training programmes,https://www.myscheme.gov.in,,
Craftsmen Training Scheme,Skill Development,14.0,,,All,All,Unemployed Youth,All,Industrial training for skilled workforce,Training through Industrial Training Institutes,https://www.myscheme.gov.in,,
National Apprenticeship Promotion Scheme,Skill Development,18.0,,,All,All,Unemployed Youth,All,Promotion of apprenticeship training,Reimbursement of stipend to employers,https://www.myscheme.gov.in,,
PM Vishwakarma Yojana,Skill Development,18.0,,,All,All,Artisan,All,Support for traditional artisans and craftspeople,"Skill training, toolkit incentive and collateral free loans",https://pmvishwakarma.gov.in,,https://pmvishwakarma.gov.in
PM SVANidhi,Financial Inclusion,18.0,,,All,All,Street Vendor,All,Micro credit facility for street vendors,Collateral free working capital loan up to Rs 50000,https://pmsvanidhi.mohua.gov.in,,https://pmsvanidhi.mohua.gov.in
Stand Up India Scheme,Financial Inclusion,18.0,,,All,SC/ST/Women,Entrepreneur,All,Bank loans for SC/ST and women entrepreneurs,Loans between Rs 10 lakh and Rs 1 crore,https://www.myscheme.gov.in,,
Startup India Seed Fund Scheme,Financial Inclusion,18.0,,,All,All,Entrepreneur,All,Financial assistance for early stage startups,Seed funding for proof of concept and prototype development,https://www.myscheme.gov.in,,
Fund of Funds for Startups,Financial Inclusion,,,,All,All,Entrepreneur,All,Equity funding support for startups through AIFs,Capital infusion into SEBI registered venture funds,https://www.myscheme.gov.in,,
Atal Innovation Mission,Skill Development,,,,All,All,Student,All,Promotion of innovation and entrepreneurship,Support for Atal Tinkering Labs and incubation centers,https://www.myscheme.gov.in,,
PM Mudra Yojana,Financial Inclusion,18.0,,,All,All,Entrepreneur,All,Collateral free loans for micro enterprises,Loans up to Rs 10 lakh without collateral,https://www.mudra.org.in,,
PM Employment Generation Programme,Financial Inclusion,18.0,,,All,All,Unemployed,All,Credit linked subsidy for setting up micro enterprises,Subsidy of 15-35% on project cost,https://www.myscheme.gov.in,,
PM Internship Scheme,Skill Development,21.0,24.0,800000.0,All,All,Unemployed Youth,All,Internship opportunities in top companies,Monthly stipend of Rs 5000 and one-time grant,https://www.myscheme.gov.in,,
Agnipath Scheme,Employment,17.0,21.0,,All,All,Unemployed Youth,All,Short-term recruitment scheme for armed forces,4-year tenure with training and financial package,https://www.myscheme.gov.in,,
Credit Guarantee Fund Trust for Micro and Small Enterprises,Financial Inclusion,18.0,,,All,All,Entrepreneur,All,Collateral free credit to MSEs,Credit guarantee cover up to Rs 5 crore,https://www.myscheme.gov.in,,
Interest Subvention Scheme for MSMEs,Financial Inclusion,18.0,,,All,All,Entrepreneur,All,Interest relief on loans to MSMEs,2% interest subvention on incremental credit,https://www.myscheme.gov.in,,
Udyam Registration Scheme,Financial Inclusion,18.0,,,All,All,Entrepreneur,All,Registration and recognition for MSMEs,Access to government schemes and subsidies,https://www.myscheme.gov.in,,
Cluster Development Programme (MSE-CDP),Financial Inclusion,18.0,,,All,All,Entrepreneur,All,Infrastructure support for MSE clusters,Financial assistance for common facility centers,https://www.myscheme.gov.in,,
PM Rojgar Protsahan Yojana,Employment,18.0,,,All,All,Unemployed Youth,All,Incentive for employers to generate new employment,Reimbursement of employer's EPF and EPS contribution,https://www.myscheme.gov.in,,
National Means-cum-Merit Scholarship,Education,13.0,16.0,150000.0,All,All,Student,All,Scholarship for meritorious students from economically weaker sections,Rs 12000 per year scholarship,https://scholarships.gov.in,,https://scholarships.gov.in
National Scholarship Portal (Post Matric),Education,16.0,,250000.0,All,All,Student,All,Post matric scholarship for students from weaker sections,Tuition fee and maintenance allowance,https://scholarships.gov.in,,https://scholarships.gov.in
Pre Matric Scholarship for SC Students,Education,6.0,16.0,250000.0,All,SC,Student,All,Scholarship for SC students in classes 9-10,Tuition fee reimbursement and maintenance allowance,https://scholarships.gov.in,,https://scholarships.gov.in
Post Matric Scholarship for SC Students,Education,16.0,,250000.0,All,SC,Student,All,Scholarship for SC students pursuing post matric education,Tuition fee and maintenance allowance,https://scholarships.gov.in,,https://scholarships.gov.in
Pre Matric Scholarship for ST Students,Education,6.0,16.0,250000.0,All,ST,Student,All,Scholarship for ST students in classes 9-10,Tuition fee reimbursement and maintenance allowance,https://scholarships.gov.in,,https://scholarships.gov.in
Post Matric Scholarship for ST Students,Education,16.0,,250000.0,All,ST,Student,All,Scholarship for ST students pursuing post matric education,Tuition fee and maintenance allowance,https://scholarships.gov.in,,https://scholarships.gov.in
Pre Matric Scholarship for OBC Students,Education,6.0,16.0,150000.0,All,OBC,Student,All,Scholarship for OBC students in classes 9-10,Tuition fee reimbursement and maintenance allowance,https://scholarships.gov.in,,https://scholarships.gov.in
Post Matric Scholarship for OBC Students,Education,16.0,,150000.0,All,OBC,Student,All,Scholarship for OBC students pursuing post matric education,Tuition fee and maintenance allowance,https://scholarships.gov.in,,https://scholarships.gov.in
Pre Matric Scholarship for Minorities,Education,6.0,16.0,100000.0,All,Minority,Student,All,Scholarship for minority community students in classes 1-10,"Admission fee, tuition fee and maintenance allowance",https://scholarships.gov.in,,https://scholarships.gov.in
Post Matric Scholarship for Minorities,Education,16.0,,200000.0,All,Minority,Student,All,Scholarship for minority students in post matric courses,Tuition fee and maintenance allowance,https://scholarships.gov.in,,https://scholarships.gov.in
Merit-cum-Means Scholarship for Minorities,Education,18.0,,250000.0,All,Minority,Student,All,Scholarship for professional and technical courses,Tuition fee and maintenance allowance,https://scholarships.gov.in,,https://scholarships.gov.in
Maulana Azad National Fellowship,Education,21.0,,600000.0,All,Minority,Student,All,Fellowship for minority students pursuing M.Phil/PhD,Fellowship amount as per UGC norms,https://scholarships.gov.in,,https://scholarships.gov.in
Top Class Education Scheme for SC Students,Education,18.0,,800000.0,All,SC,Student,All,Scholarship for SC students in top-tier institutions,Full tuition fee and living expenses,https://scholarships.gov.in,,https://scholarships.gov.in
National Fellowship for SC Students,Education,21.0,,,All,SC,Student,All,Fellowship for SC students pursuing M.Phil/PhD,Fellowship as per UGC norms,https://scholarships.gov.in,,https://scholarships.gov.in
National Overseas Scholarship for SC/ST Students,Education,18.0,35.0,800000.0,All,SC/ST,Student,All,Financial assistance for overseas higher education,"Full tuition, living and travel expenses",https://scholarships.gov.in,,https://scholarships.gov.in
Dr Ambedkar Interest Subsidy Scheme for Overseas Education Loan,Education,18.0,,800000.0,All,OBC/EBC,Student,All,Interest subsidy on education loans for overseas studies,Full interest subsidy during moratorium period,https://www.myscheme.gov.in,,
Eklavya Model Residential Schools,Education,11.0,18.0,,All,ST,Student,All,Quality residential education for tribal students,Free residential schooling with hostel facility,https://www.myscheme.gov.in,,
National Fellowship for ST Students,Education,21.0,,,All,ST,Student,All,Fellowship for ST students pursuing M.Phil/PhD,Fellowship as per UGC norms,https://scholarships.gov.in,,https://scholarships.gov.in
Van Dhan Yojana,Skill Development,18.0,,,All,ST,Tribal,All,Livelihood generation for tribal forest produce gatherers,Value addition training and market linkage,https://www.myscheme.gov.in,,
AICTE Pragati Scholarship for Girls,Education,18.0,,800000.0,All,All,Student,Female,Scholarship for girl students in technical education,Rs 50000 per year scholarship,https://www.myscheme.gov.in,,
AICTE Saksham Scholarship for Specially Abled,Education,18.0,,800000.0,All,All,Student,All,Scholarship for specially abled technical students,Rs 50000 per year scholarship,https://www.myscheme.gov.in,,
PM YASASVI Scheme,Education,13.0,,250000.0,All,OBC/EBC/DNT,Student,All,"Scholarship scheme for OBC, EBC and DNT students",Scholarship for classes 9-12 and top-class institutions,https://scholarships.gov.in,,https://scholarships.gov.in
Central Sector Scheme of Scholarship for College Students,Education,18.0,,,All,All,Student,All,Scholarship for meritorious students in college/university,Rs 12000 per year scholarship,https://scholarships.gov.in,,https://scholarships.gov.in
PM Vidyalaxmi Scheme,Education,18.0,,,All,All,Student,All,Education loan facility for higher education,Collateral-free education loans with interest subvention,https://www.myscheme.gov.in,,
Credit Guarantee Fund Scheme for Education Loans,Education,18.0,,,All,All,Student,All,Guarantee cover for education loans without collateral,Credit guarantee up to Rs 7.5 lakh,https://www.myscheme.gov.in,,
Nai Roshni Scheme,Skill Development,18.0,,,All,Minority,Women,Female,Leadership development for minority women,Leadership training and awareness programmes,https://www.myscheme.gov.in,,
Nai Manzil Scheme,Skill Development,17.0,35.0,,All,Minority,Unemployed Youth,All,Education and skill training for minority youth,Bridge education and skill training with placement,https://www.myscheme.gov.in,,
Seekho Aur Kamao Scheme,Skill Development,14.0,35.0,,All,Minority,Unemployed Youth,All,Skill development for minority youth,Free skill training with stipend and placement,https://www.myscheme.gov.in,,
USTTAD Scheme,Skill Development,18.0,,,All,Minority,Artisan,All,Upgradation of traditional skills and crafts of minorities,Training and marketing support for artisans,https://www.myscheme.gov.in,,
Samagra Shiksha Abhiyan,Education,6.0,18.0,,All,All,Student,All,Integrated scheme for school education,"Free education, uniforms, textbooks and infrastructure support",https://www.myscheme.gov.in,,
Padhna Likhna Abhiyan,Education,15.0,,,All,All,All,All,Adult literacy programme,Free adult literacy classes,https://www.myscheme.gov.in,,
Ishan Uday Scholarship,Education,18.0,,450000.0,All,All,Student,All,Special scholarship scheme for North Eastern Region students,Scholarship for undergraduate courses,https://scholarships.gov.in,,https://scholarships.gov.in
Top Class Education Scheme for ST Students,Education,18.0,,600000.0,All,ST,Student,All,Scholarship for ST students in top-tier institutions,Full tuition fee and living expenses,https://scholarships.gov.in,,https://scholarships.gov.in
Digital India Programme,Digital Services,,,,All,All,All,All,Transformation of India into a digitally empowered society,"Digital infrastructure, services and literacy",https://www.digitalindia.gov.in,,
PM Jan Dhan Yojana,Financial Inclusion,10.0,,,All,All,All,All,Financial inclusion programme for universal banking access,Zero balance bank account with RuPay debit card and insurance,https://www.myscheme.gov.in,,
One Nation One Ration Card,Food Security,,,,All,BPL,All,All,Portability of ration card benefits across India,Access to subsidized food grains from any fair price shop,https://www.myscheme.gov.in,,
Common Services Centre Scheme,Digital Services,18.0,,,All,All,Entrepreneur,All,Digital service delivery points in rural areas,Access to government and financial services locally,https://www.myscheme.gov.in,,
BharatNet Programme,Digital Services,,,,All,All,All,All,Broadband connectivity to rural areas,High-speed internet connectivity to gram panchayats,https://www.myscheme.gov.in,,
PM Gramin Digital Saksharta Abhiyan,Skill Development,14.0,60.0,,All,All,All,All,Digital literacy for rural households,Free digital literacy training,https://www.myscheme.gov.in,,
Assistance to Disabled Persons for Purchase/Fitting of Aids (ADIP),Disability Welfare,,,,All,All,Disabled,All,Aids and appliances for persons with disabilities,Free or subsidized assistive devices,https://www.myscheme.gov.in,,
Deendayal Disabled Rehabilitation Scheme,Disability Welfare,,,,All,All,Disabled,All,Rehabilitation services for persons with disabilities,Grant-in-aid to NGOs for rehabilitation services,https://www.myscheme.gov.in,,
National Fellowship and Scholarship for Persons with Disabilities,Education,18.0,,,All,All,Disabled,All,Fellowship for disabled students pursuing higher education,Fellowship as per UGC norms,https://www.myscheme.gov.in,,
Venture Capital Fund for Scheduled Castes,Financial Inclusion,18.0,,,All,SC,Entrepreneur,All,Equity support for SC entrepreneurs,Venture capital funding for SC-owned enterprises,https://www.myscheme.gov.in,,
Credit Enhancement Guarantee Scheme for Scheduled Castes,Financial Inclusion,18.0,,,All,SC,Entrepreneur,All,Credit guarantee for SC entrepreneurs,Guarantee cover to encourage bank lending to SC entrepreneurs,https://www.myscheme.gov.in,,
National Safai Karamcharis Finance and Development Corporation Schemes,Financial Inclusion,18.0,,,All,SC,Sanitation Worker,All,Financial assistance for sanitation workers and their families,Concessional loans for self-employment,https://www.myscheme.gov.in,,
Pradhan Mantri Adarsh Gram Yojana,Rural Development,,,,All,SC,All,All,Integrated development of villages with SC population,Infrastructure and socio-economic development,https://www.myscheme.gov.in,,
Pradhan Mantri Jan Vikas Karyakram,Rural Development,,,,All,Minority,All,All,Development of minority concentration areas,Infrastructure development in minority areas,https://www.myscheme.gov.in,,
Nai Udaan Scheme,Education,18.0,,,All,Minority,Student,All,Support for minority candidates clearing prelims of civil services,Financial assistance during mains preparation,https://www.myscheme.gov.in,,
Rashtriya Vayoshri Yojana for Divyangjan,Disability Welfare,,,,All,All,Disabled,All,Physical aids and assisted living devices for senior disabled citizens,Free assistive devices,https://www.myscheme.gov.in,,
One Rank One Pension,Social Welfare,,,,All,All,Ex-Serviceman,All,Uniform pension for same rank and service length,Equalized pension irrespective of retirement date,https://www.myscheme.gov.in,,
Ex-Servicemen Contributory Health Scheme,Health,,,,All,All,Ex-Serviceman,All,Healthcare for ex-servicemen and dependents,Cashless treatment at empanelled hospitals,https://www.myscheme.gov.in,,
PM Scholarship Scheme for CAPF Wards,Education,18.0,,,All,All,Student,All,Scholarship for children of CAPF and Assam Rifles personnel,Scholarship for professional degree courses,https://www.myscheme.gov.in,,
War Widow Pension Scheme,Social Welfare,,,,All,All,All,Female,Pension for widows of armed forces personnel killed in action,Monthly pension and dependent benefits,https://www.myscheme.gov.in,,
Bharat Ke Veer Fund,Social Welfare,,,,All,All,Ex-Serviceman,All,Financial support to families of martyred soldiers,Corpus fund contribution to families of martyrs,https://www.myscheme.gov.in,,
Swachh Bharat Mission Urban,Sanitation,,,,All,All,All,All,Urban sanitation and cleanliness programme,Construction of toilets and solid waste management,https://www.myscheme.gov.in,,
Swachh Bharat Mission Gramin,Sanitation,,,,All,All,All,All,Rural sanitation and cleanliness programme,Construction of household toilets in villages,https://www.myscheme.gov.in,,
Atal Mission for Rejuvenation and Urban Transformation (AMRUT),Urban Development,,,,All,All,All,All,Basic urban infrastructure development,"Water supply, sewerage and urban infrastructure",https://www.myscheme.gov.in,,
Smart Cities Mission,Urban Development,,,,All,All,All,All,Development of smart and sustainable cities,Core infrastructure and smart solutions in cities,https://www.myscheme.gov.in,,
Antyodaya Anna Yojana,Food Security,,,,All,BPL,All,All,Highly subsidized food grains for poorest families,35 kg food grains per month at subsidized rates,https://www.myscheme.gov.in,,
PM Garib Kalyan Anna Yojana,Food Security,,,,All,BPL,All,All,Free food grains during economic distress,Free food grains under National Food Security Act,https://www.myscheme.gov.in,,
UP Kanya Sumangala Yojana,Education/Savings,0.0,18.0,300000.0,Uttar Pradesh,All,All,Female,Financial support scheme for girl child from birth to graduation,Total Rs 25000 in installments from birth till graduation,https://mksy.up.gov.in,,https://mksy.up.gov.in
UP Vidhwa Pension Yojana,Social Welfare,18.0,,200000.0,Uttar Pradesh,All,All,Female,Pension for widows in Uttar Pradesh,Monthly pension assistance,https://www.myscheme.gov.in,,
UP Viklang Pension Yojana,Disability Welfare,18.0,,,Uttar Pradesh,All,Disabled,All,Pension for persons with disability,Monthly pension assistance,https://www.myscheme.gov.in,,
UP Vridha Pension Yojana,Social Welfare,60.0,,,Uttar Pradesh,BPL,Senior Citizen,All,Old age pension scheme for Uttar Pradesh residents,Monthly pension assistance,https://www.myscheme.gov.in,,
UP Free Laptop/Tablet Distribution Scheme,Education,15.0,,,Uttar Pradesh,All,Student,All,Distribution of free laptops/tablets to students,Free laptop or tablet for meritorious students,https://www.myscheme.gov.in,,
UP Mukhyamantri Berojgari Bhatta Yojana,Employment,18.0,40.0,,Uttar Pradesh,All,Unemployed Youth,All,Unemployment allowance for educated youth,Monthly unemployment allowance,https://www.myscheme.gov.in,,
UP Shadi Anudan Yojana,Social Welfare,18.0,,200000.0,Uttar Pradesh,SC/ST/OBC/Minority,All,Female,Financial assistance for marriage of daughters from poor families,One-time grant for daughter's marriage,https://www.myscheme.gov.in,,
UP Free Boring Yojana,Agriculture,18.0,,200000.0,Uttar Pradesh,All,Farmer,All,Subsidy for boring/tube well installation for irrigation,Subsidy on boring and pump set installation,https://www.myscheme.gov.in,,
UP Kisan Uday Yojana,Agriculture,18.0,,,Uttar Pradesh,All,Farmer,All,Support scheme for farmers in Uttar Pradesh,Financial assistance for agricultural inputs,https://www.myscheme.gov.in,,
UP One District One Product Scheme,Financial Inclusion,18.0,,,Uttar Pradesh,All,Entrepreneur,All,Promotion of district-specific traditional products,Subsidy and market linkage for local artisans,https://www.myscheme.gov.in,,
UP Mukhyamantri Yuva Swarozgar Yojana,Financial Inclusion,18.0,40.0,,Uttar Pradesh,All,Unemployed Youth,All,Self-employment scheme for youth,Subsidized loans for setting up small enterprises,https://www.myscheme.gov.in,,
Bihar Kanya Utthan Yojana,Education/Savings,0.0,18.0,200000.0,Bihar,All,All,Female,Financial support scheme for girl child in stages,Financial support in stages till graduation,https://www.myscheme.gov.in,,
Bihar Mukhyamantri Kanya Vivah Yojana,Social Welfare,18.0,,,Bihar,BPL,All,Female,Financial assistance for marriage of daughters from poor families,One-time cash assistance for marriage,https://www.myscheme.gov.in,,
Bihar Mukhyamantri Vridha Pension Yojana,Social Welfare,60.0,,,Bihar,All,Senior Citizen,All,Old age pension scheme for Bihar residents,Monthly pension assistance,https://www.myscheme.gov.in,,
Bihar Nishakta Pension Yojana,Disability Welfare,18.0,,,Bihar,All,Disabled,All,Pension for persons with disability in Bihar,Monthly pension assistance,https://www.myscheme.gov.in,,
Bihar Student Credit Card Scheme,Education,18.0,,,Bihar,All,Student,All,Education loan facility for higher studies,Loan up to Rs 4 lakh at low interest rate,https://www.myscheme.gov.in,,
Bihar Mukhyamantri Bekari Bhatta Yojana,Employment,20.0,25.0,,Bihar,All,Unemployed Youth,All,Unemployment allowance for educated youth,Monthly financial assistance during job search,https://www.myscheme.gov.in,,
Bihar Kushal Yuva Karyakram,Skill Development,15.0,25.0,,Bihar,All,Unemployed Youth,All,Skill development programme for youth,Free training in communication and computer skills,https://www.myscheme.gov.in,,
Bihar Laghu Udyami Yojana,Financial Inclusion,18.0,,200000.0,Bihar,BPL,Entrepreneur,All,Financial assistance to set up small enterprises,Grant of up to Rs 2 lakh for small businesses,https://www.myscheme.gov.in,,
Bihar Mukhyamantri Balak-Balika Cycle Yojana,Education,,,,Bihar,All,Student,All,Free bicycles for school students,Free bicycle to promote school attendance,https://www.myscheme.gov.in,,
Bihar Saat Nishchay Yojana,Rural Development,,,,Bihar,All,All,All,Seven-point development programme for the state,"Infrastructure, education and employment initiatives",https://www.myscheme.gov.in,,
Bihar Krishi Input Subsidy Scheme,Agriculture,18.0,,,Bihar,All,Farmer,All,Compensation to farmers for crop loss due to natural calamities,Subsidy for agricultural inputs after crop damage,https://www.myscheme.gov.in,,
Majhi Ladki Bahin Yojana,Social Welfare,21.0,65.0,,Maharashtra,All,All,Female,Monthly financial assistance to women from low income families,Rs 1500 monthly assistance,https://www.myscheme.gov.in,,
Lek Ladki Yojana,Education/Savings,0.0,18.0,100000.0,Maharashtra,All,All,Female,Financial support scheme for girl child education,Financial assistance in installments till age 18,https://womenchild.maharashtra.gov.in,,
Mahatma Jyotirao Phule Jan Arogya Yojana,Health,,,100000.0,Maharashtra,All,All,All,Health insurance for economically weaker families,Cashless treatment up to Rs 5 lakh per family,https://www.myscheme.gov.in,,
Rajarshi Chhatrapati Shahu Maharaj Scholarship,Education,18.0,,800000.0,Maharashtra,All,Student,All,Fee reimbursement for economically weaker students,Full tuition fee reimbursement,https://www.myscheme.gov.in,,
Maharashtra Berojgar Bhatta Yojana,Employment,18.0,35.0,,Maharashtra,All,Unemployed Youth,All,Unemployment allowance for job-seeking youth,Monthly unemployment allowance,https://www.myscheme.gov.in,,
Shravan Bal Seva Rajya Nivrutti Vetan Yojana,Social Welfare,65.0,,,Maharashtra,BPL,Senior Citizen,All,Old age pension scheme for Maharashtra residents,Monthly pension assistance,https://www.myscheme.gov.in,,
Mukhyamantri Saur Krishi Vahini Yojana,Energy,18.0,,,Maharashtra,All,Farmer,All,Solar power supply for agricultural feeders,Reliable daytime power supply for irrigation,https://www.myscheme.gov.in,,
Manodhairya Yojana,Social Welfare,,,,Maharashtra,All,All,Female,Financial assistance to victims of sexual assault,Financial assistance and rehabilitation support,https://www.myscheme.gov.in,,
Ladli Laxmi Yojana,Education/Savings,0.0,21.0,,Madhya Pradesh,All,All,Female,Financial support scheme for girl child welfare and education,Scholarship installments and maturity amount at age 21,https://www.myscheme.gov.in,,
MP Mukhyamantri Kanya Vivah Yojana,Social Welfare,18.0,,,Madhya Pradesh,BPL,All,Female,Financial assistance for marriage of daughters from poor families,One-time cash assistance for marriage,https://www.myscheme.gov.in,,
MP Sambal Yojana,Social Welfare,18.0,,,Madhya Pradesh,BPL,Unorganized Worker,All,Social security for unorganized sector workers,"Accident insurance, education and pension benefits",https://www.myscheme.gov.in,,
MP Mukhyamantri Seekho Kamao Yojana,Skill Development,18.0,29.0,,Madhya Pradesh,All,Unemployed Youth,All,On-the-job training with stipend for youth,Monthly stipend during on-the-job training,https://www.myscheme.gov.in,,
MP Mukhyamantri Tirth Darshan Yojana,Social Welfare,60.0,,,Madhya Pradesh,All,Senior Citizen,All,Free pilgrimage tour for senior citizens,Free travel and accommodation for pilgrimage,https://www.myscheme.gov.in,,
MP Kisan Kalyan Yojana,Agriculture,18.0,,,Madhya Pradesh,All,Farmer,All,Additional income support for farmers,Additional financial assistance to farmers,https://www.myscheme.gov.in,,
MP Vridhajan Pension Yojana,Social Welfare,60.0,,,Madhya Pradesh,BPL,Senior Citizen,All,Old age pension scheme for Madhya Pradesh residents,Monthly pension assistance,https://www.myscheme.gov.in,,
Rajasthan Mukhyamantri Chiranjeevi Swasthya Bima Yojana,Health,,,,Rajasthan,All,All,All,Cashless health insurance for all families,Health cover up to Rs 25 lakh per family per year,https://www.myscheme.gov.in,,
Rajasthan Kalibai Bheel Scooty Yojana,Education,15.0,,,Rajasthan,ST,Student,Female,Free scooty for meritorious tribal girl students,Free two-wheeler for higher education students,https://www.myscheme.gov.in,,
Rajasthan Mukhyamantri Yuva Sambal Yojana,Employment,18.0,35.0,,Rajasthan,All,Unemployed Youth,All,Unemployment allowance for educated unemployed youth,Monthly unemployment allowance,https://www.myscheme.gov.in,,
Rajasthan Old Age Pension Scheme,Social Welfare,58.0,,,Rajasthan,BPL,Senior Citizen,All,Old age pension scheme for Rajasthan residents,Monthly pension assistance,https://www.myscheme.gov.in,,
Rajasthan Palanhar Yojana,Child Welfare,0.0,18.0,,Rajasthan,All,All,All,Support for orphaned and vulnerable children,Monthly financial assistance for child care,https://www.myscheme.gov.in,,
Rajasthan Mukhyamantri Rajshri Yojana,Health,0.0,,,Rajasthan,All,All,Female,Financial assistance for girl child birth and education,Cash assistance in installments from birth to class 12,https://www.myscheme.gov.in,,
Rajasthan Devnarayan Yojana,Education,0.0,,,Rajasthan,ST,Student,Female,Financial assistance for tribal girl child education,Scholarship installments till graduation,https://www.myscheme.gov.in,,
Rajasthan Anuprati Coaching Yojana,Education,18.0,,800000.0,Rajasthan,SC/ST/OBC/EWS,Student,All,Free coaching for competitive examinations,Free coaching for civil services and other exams,https://www.myscheme.gov.in,,
Kanyashree Prakalpa,Education,13.0,19.0,,West Bengal,All,Student,Female,Conditional cash transfer to keep girls in school,Annual scholarship and one-time grant at age 18,https://www.myscheme.gov.in,,
Rupashree Prakalpa,Social Welfare,18.0,,150000.0,West Bengal,BPL,All,Female,Financial assistance for marriage of daughters from poor families,One-time grant of Rs 25000 for marriage,https://www.myscheme.gov.in,,
Swasthya Sathi Scheme,Health,,,,West Bengal,All,All,All,Health insurance scheme for all families,Cashless treatment up to Rs 5 lakh per family per year,https://www.myscheme.gov.in,,
Sabooj Sathi Scheme,Education,,,,West Bengal,All,Student,All,Free bicycle distribution to school students,Free bicycle for class 9-12 students,https://www.myscheme.gov.in,,
Lakshmir Bhandar Scheme,Social Welfare,25.0,60.0,,West Bengal,All,All,Female,Monthly financial assistance to women heads of households,Monthly cash assistance,https://www.myscheme.gov.in,,
Krishak Bandhu Scheme,Agriculture,18.0,,,West Bengal,All,Farmer,All,Financial assistance and life insurance for farmers,Annual financial assistance and death benefit cover,https://www.myscheme.gov.in,,
Jai Bangla Pension Scheme,Social Welfare,60.0,,,West Bengal,BPL,Senior Citizen,All,Consolidated pension scheme for elderly and disabled,Monthly pension assistance,https://www.myscheme.gov.in,,
Chief Minister's Comprehensive Health Insurance Scheme,Health,,,120000.0,Tamil Nadu,All,All,All,Health insurance cover for low income families,Cashless treatment up to Rs 5 lakh per family,https://www.myscheme.gov.in,,
Pudhumai Penn Scheme,Education,18.0,,,Tamil Nadu,All,Student,Female,Monthly financial assistance to girl students in higher secondary and college,Monthly stipend for continuing education,https://www.myscheme.gov.in,,
Tamil Nadu Free Bus Travel Scheme for Women,Social Welfare,,,,Tamil Nadu,All,All,Female,Free bus travel for women in state transport buses,Free travel on ordinary bus services,https://www.myscheme.gov.in,,
Dr Muthulakshmi Reddy Maternity Benefit Scheme,Health,18.0,,,Tamil Nadu,All,All,Female,Financial assistance for pregnant women workers,Cash assistance during pregnancy and after delivery,https://www.myscheme.gov.in,,
Tamil Nadu Marriage Assistance Scheme,Social Welfare,18.0,,,Tamil Nadu,BPL,All,Female,Financial assistance for marriage of daughters of widows,One-time cash assistance for marriage,https://www.myscheme.gov.in,,
Moovalur Ramamirtham Ammaiyar Ninaivu Marriage Assistance Scheme,Social Welfare,18.0,,,Tamil Nadu,All,All,Female,Marriage assistance for graduate women from poor families,One-time cash assistance for marriage,https://www.myscheme.gov.in,,
Gruha Lakshmi Scheme,Social Welfare,18.0,,,Karnataka,All,All,Female,Monthly financial assistance to women heads of families,Rs 2000 monthly assistance,https://www.myscheme.gov.in,,
Anna Bhagya Scheme,Food Security,,,,Karnataka,BPL,All,All,Free rice distribution to BPL families,10 kg free rice per person per month,https://www.myscheme.gov.in,,
Gruha Jyothi Scheme,Energy,,,,Karnataka,All,All,All,Free electricity up to a monthly limit for households,Up to 200 units free electricity per month,https://www.myscheme.gov.in,,
Shakti Scheme,Social Welfare,,,,Karnataka,All,All,Female,Free bus travel for women in state transport buses,Free travel on non-premium state buses,https://www.myscheme.gov.in,,
Yuva Nidhi Scheme,Employment,18.0,,,Karnataka,All,Unemployed Youth,All,Unemployment allowance for graduates and diploma holders,Monthly unemployment allowance for 2 years,https://www.myscheme.gov.in,,
Vidyasiri Scholarship,Education,18.0,,250000.0,Karnataka,SC/ST/OBC,Student,All,Scholarship and hostel facility for backward class students,Scholarship and free hostel accommodation,https://www.myscheme.gov.in,,
Krishi Bhagya Scheme,Agriculture,18.0,,,Karnataka,All,Farmer,All,Rainwater harvesting and farm pond support for dryland farmers,Subsidy for farm ponds and micro irrigation,https://www.myscheme.gov.in,,
YSR Rythu Bharosa,Agriculture,18.0,,,Andhra Pradesh,All,Farmer,All,Income support scheme for farmer families,Annual financial assistance to farmer families,https://www.myscheme.gov.in,,
YSR Aarogyasri,Health,,,500000.0,Andhra Pradesh,All,All,All,Health insurance scheme for economically weaker families,Cashless treatment for listed diseases,https://www.myscheme.gov.in,,
Amma Vodi Scheme,Education,,,,Andhra Pradesh,All,Student,Female,Financial assistance to mothers for children's education,Annual financial assistance per child in school,https://www.myscheme.gov.in,,
YSR Pension Kanuka,Social Welfare,60.0,,,Andhra Pradesh,BPL,Senior Citizen,All,Enhanced pension scheme for elderly and vulnerable groups,Monthly pension assistance,https://www.myscheme.gov.in,,
YSR Sunna Vaddi Scheme,Financial Inclusion,18.0,,,Andhra Pradesh,All,Women,Female,Interest-free loans for women self-help groups,Zero interest on timely loan repayment,https://www.myscheme.gov.in,,
Rythu Bandhu Scheme,Agriculture,18.0,,,Telangana,All,Farmer,All,Investment support scheme for farmers,Financial assistance per acre for crop investment,https://www.myscheme.gov.in,,
Kalyana Lakshmi Scheme,Social Welfare,18.0,,200000.0,Telangana,SC/ST/BC/Minority,All,Female,Financial assistance for marriage of daughters from poor families,One-time cash assistance for marriage,https://www.myscheme.gov.in,,
Telangana Aasara Pension Scheme,Social Welfare,57.0,,,Telangana,BPL,Senior Citizen,All,Social security pension for vulnerable groups,Monthly pension assistance,https://www.myscheme.gov.in,,
KCR Kit Scheme,Health,18.0,,,Telangana,All,All,Female,Nutrition kit for pregnant women and newborns,Free nutrition kit and cash incentive for institutional delivery,https://www.myscheme.gov.in,,
Dalit Bandhu Scheme,Financial Inclusion,18.0,,,Telangana,SC,Entrepreneur,All,Financial assistance for SC families to start enterprises,One-time grant of Rs 10 lakh per family,https://www.myscheme.gov.in,,
Vahli Dikri Yojana,Education/Savings,0.0,18.0,600000.0,Gujarat,All,All,Female,Financial support scheme for girl child education,Cash assistance in installments till age 18,https://www.myscheme.gov.in,,
Mukhyamantri Amrutam Yojana,Health,,,400000.0,Gujarat,All,All,All,Health insurance scheme for low income families,Cashless treatment up to Rs 5 lakh per family,https://www.myscheme.gov.in,,
Manav Kalyan Yojana,Financial Inclusion,18.0,,,Gujarat,All,Unorganized Worker,All,Toolkit assistance for self-employment,Free toolkits for artisans and small business owners,https://www.myscheme.gov.in,,
Gujarat Kanya Kelavani Yojana,Education,6.0,,,Gujarat,All,Student,Female,Promotion of girl child education in Gujarat,Enrollment drives and educational support,https://www.myscheme.gov.in,,
Mukhyamantri Kisan Sahay Yojana,Agriculture,18.0,,,Gujarat,All,Farmer,All,Compensation for crop loss due to natural calamities,Financial assistance for crop damage,https://www.myscheme.gov.in,,
Punjab Shagun Scheme,Social Welfare,18.0,,,Punjab,SC/BPL,All,Female,Financial assistance for marriage of daughters from poor families,One-time cash assistance for marriage,https://www.myscheme.gov.in,,
Punjab Old Age Pension Scheme,Social Welfare,65.0,,,Punjab,BPL,Senior Citizen,All,Old age pension scheme for Punjab residents,Monthly pension assistance,https://www.myscheme.gov.in,,
Ashirwad Scheme,Social Welfare,18.0,,,Punjab,SC/BPL,All,Female,Financial assistance for marriage of girls from BPL families,One-time cash assistance for marriage,https://www.myscheme.gov.in,,
Haryana Ladli Scheme,Education/Savings,0.0,,,Haryana,All,All,Female,Financial support scheme for second girl child,Cash assistance in installments till age 18,https://www.myscheme.gov.in,,
Haryana Kanyadaan Yojana,Social Welfare,18.0,,,Haryana,SC/BPL,All,Female,Financial assistance for marriage of daughters from poor families,One-time cash assistance for marriage,https://www.myscheme.gov.in,,
Mukhyamantri Parivar Samridhi Yojana,Social Welfare,,,180000.0,Haryana,BPL,All,All,Financial assistance and insurance for low income families,Annual financial assistance and insurance cover,https://www.myscheme.gov.in,,
KALIA Scheme,Agriculture,18.0,,,Odisha,All,Farmer,All,Livelihood and income support scheme for farmers,Financial assistance for cultivation and livelihood support,https://www.myscheme.gov.in,,
Biju Swasthya Kalyan Yojana,Health,,,,Odisha,All,All,All,Health insurance scheme for Odisha residents,Cashless treatment up to Rs 5 lakh per family,https://www.myscheme.gov.in,,
Madhu Babu Pension Yojana,Social Welfare,60.0,,,Odisha,BPL,Senior Citizen,All,Old age and disability pension scheme,Monthly pension assistance,https://www.myscheme.gov.in,,
Mission Shakti Odisha,Financial Inclusion,18.0,,,Odisha,All,Women,Female,Support for women self-help groups,Interest-free loans and capacity building for SHGs,https://www.myscheme.gov.in,,
Kerala Karunya Health Scheme,Health,,,300000.0,Kerala,All,All,All,Financial assistance for treatment of critical illnesses,Financial assistance up to Rs 3 lakh for treatment,https://www.myscheme.gov.in,,
Kerala Aardram Mission,Health,,,,Kerala,All,All,All,Transformation of primary healthcare centers,Improved healthcare infrastructure and services,https://www.myscheme.gov.in,,
Kerala Vidyashree Scholarship,Education,18.0,,800000.0,Kerala,All,Student,All,Scholarship for professional degree students,Financial assistance for tuition and other fees,https://www.myscheme.gov.in,,
Assam Orunodoi Scheme,Social Welfare,,,200000.0,Assam,BPL,All,Female,Direct cash transfer to women in economically weak families,Monthly cash assistance,https://www.myscheme.gov.in,,
Assam Chief Minister's Samagra Gramya Unnayan Yojana,Rural Development,,,,Assam,All,All,All,Comprehensive rural development scheme,Infrastructure and livelihood support in villages,https://www.myscheme.gov.in,,
Jharkhand Mukhyamantri Sukanya Yojana,Education/Savings,0.0,18.0,,Jharkhand,All,All,Female,Financial support scheme for girl child education,Cash assistance in installments till age 18,https://www.myscheme.gov.in,,
Jharkhand Mukhyamantri Rojgar Srijan Yojana,Financial Inclusion,18.0,,,Jharkhand,All,Unemployed Youth,All,Self-employment scheme for youth,Subsidized loans for setting up small enterprises,https://www.myscheme.gov.in,,
Chhattisgarh Rajiv Gandhi Kisan Nyay Yojana,Agriculture,18.0,,,Chhattisgarh,All,Farmer,All,Income support scheme for farmers,Financial assistance per acre of cultivated land,https://www.myscheme.gov.in,,
Chhattisgarh Mahtari Vandan Yojana,Social Welfare,21.0,,,Chhattisgarh,All,All,Female,Monthly financial assistance to married women,Rs 1000 monthly assistance,https://www.myscheme.gov.in,,
Delhi Mukhyamantri Mahila Samman Yojana,Social Welfare,18.0,,,Delhi,All,All,Female,Monthly financial assistance to women residents,Monthly cash assistance,https://www.myscheme.gov.in,,
Delhi Free Bus Travel Scheme for Women,Social Welfare,,,,Delhi,All,All,Female,Free bus travel for women in DTC and cluster buses,Free travel on public buses,https://www.myscheme.gov.in,,
Himachal Pradesh Mukhyamantri Sukh Ashray Yojana,Child Welfare,0.0,27.0,,Himachal Pradesh,All,All,All,Support for orphaned and destitute children,Financial and educational support till self-reliance,https://www.myscheme.gov.in,,
Uttarakhand Nanda Gaura Yojana,Education/Savings,0.0,,,Uttarakhand,All,All,Female,Financial assistance for girl child birth and higher education,Cash assistance at birth and after class 12,https://www.myscheme.gov.in,,
Namami Gange Programme,Environment,,,,All,All,All,All,Conservation and rejuvenation of river Ganga,Pollution abatement and river front development,https://www.myscheme.gov.in,,
National Clean Air Programme,Environment,,,,All,All,All,All,Reduction of air pollution in cities,City-specific action plans for air quality improvement,https://www.myscheme.gov.in,,
Compensatory Afforestation Fund Management Scheme,Environment,,,,All,All,All,All,Afforestation to compensate for forest land diversion,Funding for afforestation and forest management,https://www.myscheme.gov.in,,
National Mission for Clean Ganga,Environment,,,,All,All,All,All,Institutional mechanism for Ganga rejuvenation,Sewage treatment and river conservation projects,https://www.myscheme.gov.in,,
Swadesh Darshan Scheme,Tourism,,,,All,All,All,All,Development of theme-based tourist circuits,Infrastructure development at tourist destinations,https://www.myscheme.gov.in,,
PRASHAD Scheme,Tourism,,,,All,All,All,All,Pilgrimage rejuvenation and spiritual augmentation drive,Infrastructure development at pilgrimage sites,https://www.myscheme.gov.in,,
Dekho Apna Desh Scheme,Tourism,,,,All,All,All,All,Promotion of domestic tourism,Awareness campaigns for domestic tourist destinations,https://www.myscheme.gov.in,,
Khelo India Programme,Sports,8.0,,,All,All,Student,All,Grassroots sports development programme,Scholarships and infrastructure for young athletes,https://www.myscheme.gov.in,,
National Sports Talent Search Scheme,Sports,8.0,14.0,,All,All,Student,All,Identification and nurturing of sports talent,Scholarship for training and equipment,https://www.myscheme.gov.in,,
Target Olympic Podium Scheme,Sports,,,,All,All,Athlete,All,Support for elite athletes for Olympic preparation,Customized training and financial support,https://www.myscheme.gov.in,,
PM Gati Shakti,Infrastructure,,,,All,All,All,All,Multi-modal connectivity infrastructure planning,Integrated infrastructure development across sectors,https://www.myscheme.gov.in,,
Bharatmala Pariyojana,Infrastructure,,,,All,All,All,All,Development of national highway network,Construction and upgradation of highways,https://www.myscheme.gov.in,,
Sagarmala Programme,Infrastructure,,,,All,All,All,All,Port-led development and modernization,Port infrastructure and connectivity development,https://www.myscheme.gov.in,,
UDAN Scheme,Aviation,,,,All,All,All,All,Regional air connectivity scheme,Affordable air travel to underserved regions,https://www.myscheme.gov.in,,
National Digital Payments Mission,Digital Services,,,,All,All,All,All,Promotion of digital payment adoption,Cashback and incentives for digital transactions,https://www.myscheme.gov.in,,
Aadhaar Enabled Payment System,Financial Inclusion,18.0,,,All,All,All,All,Bank transactions using Aadhaar authentication,Basic banking services at doorstep,https://www.myscheme.gov.in,,
PM Vaya Vandana Bima Yojana Extension,Social Welfare,60.0,,,All,All,Senior Citizen,All,Extended pension scheme window for senior citizens,Guaranteed pension for additional cohort of subscribers,https://www.licindia.in,,
Direct Benefit Transfer LPG Scheme,Energy,,,,All,All,All,All,Direct subsidy transfer for LPG cylinders,LPG subsidy credited directly to bank account,https://www.myscheme.gov.in,,
National Career Counselling Programme,Employment,15.0,,,All,All,Student,All,Career guidance for students and job seekers,Free career counselling sessions,https://www.myscheme.gov.in,,
Scheme for Adolescent Girls (SAG),Child Welfare,11.0,14.0,,All,All,Student,Female,Nutrition and skill development for out-of-school adolescent girls,Nutritional support and life skills training,https://www.myscheme.gov.in,,
Poshan Abhiyaan,Health,0.0,6.0,,All,All,All,All,National nutrition mission to reduce stunting and malnutrition,Convergence-based nutrition intervention,https://www.myscheme.gov.in,,
National Nutrition Mission,Health,0.0,6.0,,All,All,All,All,Comprehensive nutrition strategy for women and children,Community based nutrition monitoring and interventions,https://www.myscheme.gov.in,,
Rashtriya Uchchatar Shiksha Abhiyan,Education,,,,All,All,Student,All,Improvement of quality of higher education institutions,Infrastructure and quality grants to state universities,https://www.myscheme.gov.in,,
PM Research Fellowship,Education,21.0,,,All,All,Student,All,Fellowship for PhD students in premier institutions,Enhanced fellowship for doctoral research,https://www.myscheme.gov.in,,
Global Initiative of Academic Networks (GIAN),Education,,,,All,All,Student,All,Foreign faculty engagement in Indian institutions,Access to courses by international faculty,https://www.myscheme.gov.in,,
SWAYAM Scheme,Education,,,,All,All,Student,All,Free online courses for students,Free access to online courses and certification,https://swayam.gov.in,,
National Digital Library of India,Education,,,,All,All,Student,All,Digital repository of educational resources,"Free access to books, journals and educational content",https://www.myscheme.gov.in,,
PM e-Vidya,Education,,,,All,All,Student,All,Multi-mode access to digital education,"TV channels, radio and online content for education",https://www.myscheme.gov.in,,
Vidyanjali Scheme,Education,,,,All,All,Student,All,Community and volunteer participation in schools,Volunteer support for schools in infrastructure and teaching,https://www.myscheme.gov.in,,
PM POSHAN Shakti Nirman,Health,5.0,14.0,,All,All,Student,All,Nutrition supplement scheme under mid-day meal programme,Additional nutritional supplements in school meals,https://www.myscheme.gov.in,,
National Livestock Mission,Agriculture,18.0,,,All,All,Farmer,All,Sustainable development of livestock sector,Support for entrepreneurship in livestock rearing,https://www.myscheme.gov.in,,
Dairy Processing and Infrastructure Development Fund,Agriculture,18.0,,,All,All,Farmer,All,Modernization of milk processing infrastructure,Loans for dairy infrastructure development,https://www.myscheme.gov.in,,
Blue Revolution Scheme,Agriculture,18.0,,,All,All,Fisherman,All,Integrated development of fisheries sector,Financial assistance for fisheries infrastructure,https://www.myscheme.gov.in,,
PM Matsya Kisan Samridhi Sah-Yojana,Agriculture,18.0,,,All,All,Fisherman,All,Financial assistance for fish farmers,Subsidy on aquaculture insurance and registration,https://www.myscheme.gov.in,,
Green Revolution - Krishonnati Yojana,Agriculture,18.0,,,All,All,Farmer,All,Umbrella scheme for agricultural development,Integrated support across cropping systems,https://www.myscheme.gov.in,,
National Mission on Oilseeds and Oil Palm,Agriculture,18.0,,,All,All,Farmer,All,Increasing production of edible oilseeds,Support for oil palm cultivation and processing,https://www.myscheme.gov.in,,
National Mission for Sustainable Agriculture,Agriculture,18.0,,,All,All,Farmer,All,Climate resilient agricultural practices,Support for sustainable farming techniques,https://www.myscheme.gov.in,,
National Apprenticeship Certificate Scheme (NATS),Skill Development,18.0,,,All,All,Student,All,Apprenticeship for technical graduates and diploma holders,Monthly stipend during apprenticeship training,https://www.myscheme.gov.in,,
National Urban Health Mission,Health,,,,All,All,All,All,Healthcare access for urban poor populations,Primary healthcare services in urban slums,https://www.myscheme.gov.in,,
Free Diagnostics Initiative,Health,,,,All,All,All,All,Free diagnostic tests at public health facilities,Free essential diagnostic tests,https://www.myscheme.gov.in,,
Free Drug Service Initiative,Health,,,,All,All,All,All,Free essential medicines at public health facilities,Free generic medicines at government hospitals,https://www.myscheme.gov.in,,
"National Programme for Prevention and Control of Cancer, Diabetes, CVD and Stroke",Health,30.0,,,All,All,All,All,Screening and management of non-communicable diseases,Free screening for common lifestyle diseases,https://www.myscheme.gov.in,,
National Deworming Day Programme,Health,1.0,19.0,,All,All,Student,All,Deworming of children and adolescents,Free deworming tablets in schools and anganwadis,https://www.myscheme.gov.in,,
PM Divyangjan Sashaktikaran Yojana,Disability Welfare,,,,All,All,Disabled,All,Empowerment and welfare of persons with disabilities,"Skill training, aids and assistive devices",https://www.myscheme.gov.in,,
Unique Disability ID Scheme,Disability Welfare,,,,All,All,Disabled,All,Unique identification for persons with disabilities,Single window access to disability welfare schemes,https://www.myscheme.gov.in,,
Accessible India Campaign,Disability Welfare,,,,All,All,Disabled,All,Universal accessibility for persons with disabilities,Barrier-free infrastructure and transport,https://www.myscheme.gov.in,,
"National Trust Schemes for Persons with Autism, Cerebral Palsy",Disability Welfare,,,,All,All,Disabled,All,Welfare of persons with developmental disabilities,Financial assistance and rehabilitation support,https://www.myscheme.gov.in,,
PM Gramin Awaas Yojana Plus,Housing,18.0,,120000.0,All,All,BPL,All,Additional housing support for rural households,Top-up financial assistance for house construction,https://www.myscheme.gov.in,,
Sovereign Gold Bond Scheme,Financial Inclusion,18.0,,,All,All,All,All,Alternative to physical gold investment,Interest bearing gold-linked government securities,https://www.myscheme.gov.in,,
PM Vaya Vandana Yojana II,Social Welfare,60.0,,,All,All,Senior Citizen,All,Additional tranche of senior citizen pension scheme,Guaranteed pension for additional subscribers,https://www.licindia.in,,
National Means Test Disability Scholarship,Education,18.0,,250000.0,All,All,Disabled,All,Scholarship for disabled students from low income families,Tuition fee and maintenance allowance,https://www.myscheme.gov.in,,
Rashtriya Krishi Bima Yojana,Agriculture,18.0,,,All,All,Farmer,All,Comprehensive crop insurance scheme,Insurance coverage for pre-sowing to post-harvest losses,https://www.myscheme.gov.in,,
PM Kisan Urja Suraksha evam Utthan Mahabhiyan,Energy,18.0,,,All,All,Farmer,All,Energy security scheme for farmers,Solarization of agricultural pumps,https://www.myscheme.gov.in,,
National Rural Economic Transformation Project,Rural Development,18.0,,,All,All,BPL,All,Poverty reduction through livelihood diversification,Livelihood support and skill development,https://www.myscheme.gov.in,,
Startup India Initiative,Financial Inclusion,18.0,,,All,All,Entrepreneur,All,Ecosystem support for startups,Tax exemptions and easier compliance for startups,https://www.startupindia.gov.in,,
Make in India Initiative,Financial Inclusion,,,,All,All,Entrepreneur,All,Promotion of manufacturing sector,Ease of doing business reforms and incentives,https://www.myscheme.gov.in,,
Production Linked Incentive Scheme,Financial Inclusion,,,,All,All,Entrepreneur,All,Incentives for domestic manufacturing,Financial incentives linked to incremental production,https://www.myscheme.gov.in,,
National Livestock Insurance Scheme,Agriculture,18.0,,,All,All,Farmer,All,Insurance cover for livestock against death,Compensation for loss of livestock due to death,https://www.myscheme.gov.in,,
PM Awas Yojana Gramin Plus,Housing,18.0,,120000.0,All,All,BPL,All,Enhanced rural housing assistance scheme,Additional financial support for pucca house,https://www.myscheme.gov.in,,
Gopal Ratna and Kamdhenu Awards Scheme,Agriculture,18.0,,,All,All,Farmer,All,Recognition and incentive for progressive dairy farmers,Cash award and recognition for best dairy farmers,https://www.myscheme.gov.in,,
National Digital Health Mission,Health,,,,All,All,All,All,Digital health ecosystem for citizens,Digital health records and health ID,https://www.myscheme.gov.in,,
PM Suposhit Gram Panchayat Abhiyan,Health,,,,All,All,All,All,Nutrition improvement at gram panchayat level,Recognition and incentive for best performing panchayats,https://www.myscheme.gov.in,,
National Means-cum-Merit Scholarship for OBC Students,Education,13.0,16.0,150000.0,All,OBC,Student,All,Merit scholarship for OBC students in classes 9-12,Rs 12000 per year scholarship,https://scholarships.gov.in,,https://scholarships.gov.in
Central Sector Scholarship for Single Girl Child,Education,18.0,,,All,All,Student,Female,Scholarship for single girl child pursuing higher education,Monthly scholarship for two years post graduation,https://scholarships.gov.in,,https://scholarships.gov.in
Ishan Vikas Programme,Education,13.0,18.0,,All,All,Student,All,Exposure programme for NE students in premier institutes,Exposure visits and mentorship at IITs/IISc,https://www.myscheme.gov.in,,
PM Yasasvi Top Class Scholarship,Education,16.0,,800000.0,All,OBC/EBC/DNT,Student,All,Scholarship for OBC/EBC/DNT students in premier institutions,Full tuition and hostel fee coverage,https://scholarships.gov.in,,https://scholarships.gov.in
National Fellowship for OBC Students,Education,21.0,,,All,OBC,Student,All,Fellowship for OBC students pursuing M.Phil/PhD,Fellowship as per UGC norms,https://scholarships.gov.in,,https://scholarships.gov.in
Pre Matric Scholarship for Children of Sanitation Workers,Education,6.0,16.0,,All,All,Student,All,Scholarship for children of manual scavengers,Tuition fee reimbursement and maintenance allowance,https://scholarships.gov.in,,https://scholarships.gov.in
Post Matric Scholarship for Children of Sanitation Workers,Education,16.0,,,All,All,Student,All,Scholarship for higher education of sanitation workers' children,Tuition fee and maintenance allowance,https://scholarships.gov.in,,https://scholarships.gov.in
Free Coaching Scheme for SC/ST/OBC/Minority Students,Education,18.0,,800000.0,All,SC/ST/OBC/Minority,Student,All,Free coaching for competitive examinations,Free coaching and stipend for exam preparation,https://scholarships.gov.in,,https://scholarships.gov.in
PM Kisan Samman Nidhi Farmer Registration Camp,Agriculture,18.0,,,All,All,Farmer,All,Special enrollment drive for eligible farmers,Assistance in registration for income support scheme,https://pmkisan.gov.in,,
PM Suraksha Bima Yojana Extension Drive,Insurance,18.0,70.0,,All,All,All,All,Special renewal drive for accident insurance subscribers,Continuation of Rs 2 lakh accident cover,https://jansuraksha.gov.in,,
Goa Ladli Laxmi Yojana,Education/Savings,0.0,18.0,300000.0,Goa,All,All,Female,Financial support scheme for girl child education,Fixed deposit maturing at age 18,https://www.myscheme.gov.in,,
Goa Dayanand Social Security Scheme,Social Welfare,60.0,,,Goa,BPL,Senior Citizen,All,Old age and disability pension scheme,Monthly pension assistance,https://www.myscheme.gov.in,,
Goa Griha Aadhar Scheme,Social Welfare,18.0,,300000.0,Goa,All,All,Female,Financial assistance to women heads of households,Monthly cash assistance,https://www.myscheme.gov.in,,
Goa Laadli Behna Yojana,Social Welfare,21.0,60.0,300000.0,Goa,All,All,Female,Monthly financial assistance to women,Monthly cash assistance,https://www.myscheme.gov.in,,
Tripura Chief Minister Jubak Jubati Kormo Shongsthan Achoni,Employment,18.0,35.0,,Tripura,All,Unemployed Youth,All,Self-employment scheme for unemployed youth,Subsidized loans for self-employment ventures,https://www.myscheme.gov.in,,
Tripura Social Security Pension Scheme,Social Welfare,60.0,,,Tripura,BPL,Senior Citizen,All,Old age pension scheme for Tripura residents,Monthly pension assistance,https://www.myscheme.gov.in,,
Tripura Amar Sarkar Scheme,Rural Development,,,,Tripura,All,All,All,Participatory local governance and development scheme,Community driven local development projects,https://www.myscheme.gov.in,,
Manipur Chief Minister's Hakshelgi Tengbang,Health,,,,Manipur,All,All,All,Health insurance scheme for Manipur residents,Cashless treatment up to Rs 2 lakh per family,https://www.myscheme.gov.in,,
Manipur Old Age Pension Scheme,Social Welfare,60.0,,,Manipur,BPL,Senior Citizen,All,Old age pension scheme for Manipur residents,Monthly pension assistance,https://www.myscheme.gov.in,,
Meghalaya Chief Minister's Elevate Programme,Financial Inclusion,18.0,,,Meghalaya,All,Entrepreneur,All,Entrepreneurship promotion and startup funding scheme,Grants and mentorship for startups,https://www.myscheme.gov.in,,
Meghalaya Social Security Pension Scheme,Social Welfare,60.0,,,Meghalaya,BPL,Senior Citizen,All,Old age pension scheme for Meghalaya residents,Monthly pension assistance,https://www.myscheme.gov.in,,
Mizoram New Land Use Policy Scheme,Agriculture,18.0,,,Mizoram,All,Farmer,All,Sustainable land use and livelihood scheme for farmers,Financial assistance for alternative farming practices,https://www.myscheme.gov.in,,
Mizoram Old Age Pension Scheme,Social Welfare,60.0,,,Mizoram,BPL,Senior Citizen,All,Old age pension scheme for Mizoram residents,Monthly pension assistance,https://www.myscheme.gov.in,,
Nagaland Chief Minister's Rural Employment Generation Programme,Employment,18.0,,,Nagaland,All,Unemployed Youth,All,Self-employment scheme for rural youth,Subsidized loans for micro enterprises,https://www.myscheme.gov.in,,
Nagaland Old Age Pension Scheme,Social Welfare,60.0,,,Nagaland,BPL,Senior Citizen,All,Old age pension scheme for Nagaland residents,Monthly pension assistance,https://www.myscheme.gov.in,,
Sikkim Chief Minister's Comprehensive Annual and New Development Initiative,Rural Development,,,,Sikkim,All,All,All,Comprehensive village development scheme,Infrastructure and livelihood development grants,https://www.myscheme.gov.in,,
Sikkim Old Age Pension Scheme,Social Welfare,60.0,,,Sikkim,BPL,Senior Citizen,All,Old age pension scheme for Sikkim residents,Monthly pension assistance,https://www.myscheme.gov.in,,
Arunachal Pradesh Chief Minister's Adarsh Gram Yojana,Rural Development,,,,Arunachal Pradesh,All,All,All,Model village development scheme,Infrastructure development in identified villages,https://www.myscheme.gov.in,,
Arunachal Pradesh Old Age Pension Scheme,Social Welfare,60.0,,,Arunachal Pradesh,BPL,Senior Citizen,All,Old age pension scheme for Arunachal Pradesh residents,Monthly pension assistance,https://www.myscheme.gov.in,,
J&K Sehat Sahulat Scheme,Health,,,,Jammu and Kashmir,All,All,All,Universal health insurance scheme for residents,Cashless treatment up to Rs 5 lakh per family,https://www.myscheme.gov.in,,
J&K Reshi Scheme for Widow and Disabled Pension,Social Welfare,,,,Jammu and Kashmir,BPL,All,All,Pension for widows and persons with disability,Monthly pension assistance,https://www.myscheme.gov.in,,
J&K Himayat Scheme,Skill Development,15.0,35.0,,Jammu and Kashmir,All,Unemployed Youth,All,Skill development and placement for youth,Free skill training with guaranteed placement,https://www.myscheme.gov.in,,
Ladakh Old Age Pension Scheme,Social Welfare,60.0,,,Ladakh,BPL,Senior Citizen,All,Old age pension scheme for Ladakh residents,Monthly pension assistance,https://www.myscheme.gov.in,,
Puducherry Chief Minister's Comprehensive Health Insurance Scheme,Health,,,,Puducherry,All,All,All,Health insurance scheme for Puducherry residents,Cashless treatment up to Rs 2 lakh per family,https://www.myscheme.gov.in,,
Puducherry Marriage Assistance Scheme,Social Welfare,18.0,,,Puducherry,BPL,All,Female,Financial assistance for marriage of daughters from poor families,One-time cash assistance for marriage,https://www.myscheme.gov.in,,
Chandigarh Old Age Pension Scheme,Social Welfare,60.0,,,Chandigarh,BPL,Senior Citizen,All,Old age pension scheme for Chandigarh residents,Monthly pension assistance,https://www.myscheme.gov.in,,
UP Post Matric Scholarship (State),Education,16.0,,250000.0,Uttar Pradesh,SC/ST/OBC/Minority,Student,All,State scholarship for post matric education,Tuition fee and maintenance allowance,https://www.myscheme.gov.in,,
UP Pre Matric Scholarship (State),Education,6.0,16.0,250000.0,Uttar Pradesh,SC/ST/OBC/Minority,Student,All,State scholarship for pre matric education,Tuition fee and maintenance allowance,https://www.myscheme.gov.in,,
Bihar NMMS Scholarship,Education,13.0,16.0,150000.0,Bihar,All,Student,All,State-level merit scholarship for meritorious students,Annual scholarship amount,https://www.myscheme.gov.in,,
Dr Ambedkar Post Matric Scholarship (Maharashtra),Education,16.0,,250000.0,Maharashtra,SC,Student,All,State post matric scholarship for SC students,Tuition fee and maintenance allowance,https://www.myscheme.gov.in,,
Maharashtra Rajarshi Shahu Maharaj Merit Scholarship,Education,18.0,,,Maharashtra,All,Student,All,Merit scholarship for higher education students,Annual scholarship amount,https://www.myscheme.gov.in,,
Karnataka Vidyasiri Hostel Scheme,Education,18.0,,250000.0,Karnataka,SC/ST/OBC,Student,All,Free hostel facility for backward class college students,Free hostel accommodation with meals,https://www.myscheme.gov.in,,
Tamil Nadu Free Laptop Scheme,Education,15.0,,,Tamil Nadu,All,Student,All,Free laptop distribution for students in classes 11-12 and college,Free laptop for eligible students,https://www.myscheme.gov.in,,
Andhra Pradesh Jagananna Vidya Deevena,Education,18.0,,250000.0,Andhra Pradesh,All,Student,All,Full fee reimbursement for college students,Full tuition fee reimbursement,https://www.myscheme.gov.in,,
Andhra Pradesh Jagananna Vasathi Deevena,Education,18.0,,250000.0,Andhra Pradesh,All,Student,All,Financial assistance for hostel and mess expenses,Cash assistance for boarding and lodging,https://www.myscheme.gov.in,,
Telangana Post Matric Scholarship,Education,16.0,,,Telangana,SC/ST/BC/Minority,Student,All,State post matric scholarship for backward class students,Tuition fee and maintenance allowance,https://www.myscheme.gov.in,,
Gujarat Mukhyamantri Yuva Swavalamban Yojana,Education,18.0,,600000.0,Gujarat,All,Student,All,Financial assistance for higher education admission fee,Tuition fee assistance for professional courses,https://www.myscheme.gov.in,,
Rajasthan Mukhyamantri Uchch Shiksha Chatravriti Yojana,Education,18.0,,,Rajasthan,All,Student,Female,Scholarship for girl students pursuing higher education,Annual scholarship amount,https://www.myscheme.gov.in,,
Madhya Pradesh Medhavi Vidyarthi Yojana,Education,18.0,,600000.0,Madhya Pradesh,All,Student,All,Fee reimbursement for meritorious students in professional courses,Full tuition fee reimbursement,https://www.myscheme.gov.in,,
Odisha Biju Yuva Sashaktikaran Yojana,Skill Development,18.0,35.0,,Odisha,All,Unemployed Youth,All,Skill training and self-employment scheme for youth,Free training and startup loans,https://www.myscheme.gov.in,,
Kerala Snehapoorvam Scheme,Child Welfare,0.0,18.0,,Kerala,All,All,All,Financial assistance for orphaned children's education,Monthly financial assistance,https://www.myscheme.gov.in,,
West Bengal Yuvashree Scheme,Employment,18.0,,,West Bengal,All,Unemployed Youth,All,Skill development and employment scheme for youth,Free skill training with monthly stipend,https://www.myscheme.gov.in,,
Punjab Mukhyamantri Yuva Rozgar Yojana,Employment,18.0,,,Punjab,All,Unemployed Youth,All,Self-employment and skill training scheme for youth,Subsidized loans and skill training,https://www.myscheme.gov.in,,
Haryana Mukhyamantri Vivah Shagun Yojana,Social Welfare,18.0,,,Haryana,SC/BPL,All,Female,Financial assistance for marriage of daughters from poor families,One-time cash assistance for marriage,https://www.myscheme.gov.in,,
Assam Nijut Moina Scheme,Education,13.0,18.0,,Assam,All,Student,Female,Conditional cash transfer to keep girls in school,Annual scholarship for continuing education,https://www.myscheme.gov.in,,
Jharkhand Guruji Credit Card Yojana,Education,18.0,,,Jharkhand,All,Student,All,Education loan scheme for higher studies,Collateral free loan up to Rs 15 lakh,https://www.myscheme.gov.in,,
Chhattisgarh Mukhyamantri Kaushal Vikas Yojana,Skill Development,15.0,,,Chhattisgarh,All,Unemployed Youth,All,Skill training scheme for youth employment,Free skill training with placement assistance,https://www.myscheme.gov.in,,
Building and Other Construction Workers Welfare Scheme,Social Welfare,18.0,,,All,All,Construction Worker,All,Welfare fund for construction workers,"Financial assistance for health, education and accidents",https://www.myscheme.gov.in,,
Pradhan Mantri Shram Yogi Maandhan Extension,Social Welfare,18.0,40.0,,All,All,Unorganized Worker,All,Continued pension coverage for unorganized workers,Rs 3000 monthly pension after age 60,https://www.myscheme.gov.in,,
SMILE Scheme for Transgender Persons,Social Welfare,,,,All,All,All,All,Comprehensive rehabilitation for transgender persons,"Skill training, scholarships and shelter support",https://www.myscheme.gov.in,,
Garima Greh Scheme,Social Welfare,,,,All,All,All,All,Shelter homes for transgender persons,"Free shelter, food and healthcare facilities",https://www.myscheme.gov.in,,
National Disaster Response Fund Assistance,Disaster Relief,,,,All,All,All,All,Relief assistance during natural disasters,Financial assistance for disaster affected families,https://www.myscheme.gov.in,,
Aapda Mitra Scheme,Disaster Relief,18.0,,,All,All,Volunteer,All,Training community volunteers in disaster response,Training and stipend for disaster response volunteers,https://www.myscheme.gov.in,,
Rural Postal Life Insurance Scheme,Insurance,19.0,55.0,,All,All,Rural Resident,All,Life insurance scheme for rural residents,Low premium life insurance policies,https://www.indiapost.gov.in,,
Postal Life Insurance Scheme,Insurance,19.0,55.0,,All,All,Government Employee,All,Life insurance for government and semi-government employees,Life insurance at competitive premium rates,https://www.indiapost.gov.in,,
Sukanya Samriddhi Account Extension Scheme,Education/Savings,0.0,10.0,,All,All,All,Female,Extended enrollment drive for girl child savings account,High interest savings account with tax benefits,https://www.myscheme.gov.in,,
Public Provident Fund Scheme,Financial Inclusion,18.0,,,All,All,All,All,Long term savings scheme with tax benefits,Tax free interest and maturity amount,https://www.myscheme.gov.in,,
National Savings Certificate Scheme,Financial Inclusion,18.0,,,All,All,All,All,Fixed income savings instrument with tax benefits,Fixed interest rate with tax deduction under 80C,https://www.myscheme.gov.in,,
Kisan Vikas Patra Scheme,Financial Inclusion,18.0,,,All,All,Farmer,All,Savings scheme that doubles investment over fixed tenure,Guaranteed doubling of investment,https://www.myscheme.gov.in,,
Mahila Samman Savings Certificate,Financial Inclusion,18.0,,,All,All,All,Female,Small savings scheme for women,Fixed interest rate savings certificate for women,https://www.myscheme.gov.in,,
Senior Citizen Savings Scheme,Financial Inclusion,60.0,,,All,All,Senior Citizen,All,High interest savings scheme for senior citizens,Quarterly interest payout at attractive rates,https://www.myscheme.gov.in,,
National Culture Fund,Culture,,,,All,All,All,All,Preservation and promotion of cultural heritage,Grants for conservation of monuments and heritage sites,https://www.myscheme.gov.in,,
Scheme for Promotion of Culture of Science,Culture,,,,All,All,Student,All,Promotion of scientific temper among youth,Grants for science exhibitions and events,https://www.myscheme.gov.in,,
Rashtriya Kishor Swasthya Karyakram,Health,10.0,19.0,,All,All,Student,All,Adolescent health programme,Health counselling and services for adolescents,https://www.myscheme.gov.in,,
Adolescent Friendly Health Clinics Scheme,Health,10.0,19.0,,All,All,Student,All,Dedicated health clinics for adolescents,Confidential health services for adolescents,https://www.myscheme.gov.in,,
Nirbhaya Fund Scheme,Women Welfare,,,,All,All,All,Female,Fund for projects on women safety and security,Grants for women safety initiatives,https://www.myscheme.gov.in,,
Beti Bachao Beti Padhao Media Campaign,Social Welfare,,,,All,All,All,Female,Awareness campaign against female foeticide,Public awareness and advocacy programmes,https://www.myscheme.gov.in,,
PM Awas Yojana Credit Linked Subsidy for EWS,Housing,18.0,,300000.0,All,EWS,All,All,Housing loan subsidy for economically weaker sections,Interest subsidy of 6.5% on home loans,https://www.myscheme.gov.in,,
Affordable Housing Fund,Housing,18.0,,,All,All,All,All,Priority sector lending fund for affordable housing,Increased credit availability for affordable housing,https://www.myscheme.gov.in,,
PM Awas Yojana for Middle Income Group,Housing,18.0,,1800000.0,All,All,All,All,Housing subsidy for middle income households,Interest subsidy of 3-4% on home loans,https://www.myscheme.gov.in,,
National Handloom Development Programme,Financial Inclusion,18.0,,,All,All,Weaver,All,Support for handloom weavers,Financial assistance and marketing support for weavers,https://www.myscheme.gov.in,,
National Handicrafts Development Programme,Financial Inclusion,18.0,,,All,All,Artisan,All,Support for artisans and handicraft producers,Financial assistance and skill upgradation for artisans,https://www.myscheme.gov.in,,
Silk Samagra Scheme,Agriculture,18.0,,,All,All,Farmer,All,Development of sericulture sector,Support for silkworm rearing and silk production,https://www.myscheme.gov.in,,
Coir Vikas Yojana,Financial Inclusion,18.0,,,All,All,Artisan,All,Development of coir industry,Financial support for coir production units,https://www.myscheme.gov.in,,
Khadi Gramodyog Vikas Yojana,Financial Inclusion,18.0,,,All,All,Artisan,All,Promotion of khadi and village industries,Subsidy and marketing support for khadi units,https://www.myscheme.gov.in,,
Export Promotion Capital Goods Scheme,Financial Inclusion,18.0,,,All,All,Entrepreneur,All,Duty exemption for import of capital goods for exports,Zero duty import of capital goods for export production,https://www.myscheme.gov.in,,
Merchandise Exports from India Scheme,Financial Inclusion,18.0,,,All,All,Entrepreneur,All,Incentive for exporters of goods,Duty credit scrips for eligible exports,https://www.myscheme.gov.in,,
Rural Self Employment Training Institutes Scheme,Skill Development,18.0,45.0,,All,All,Unemployed Youth,All,Free residential skill training for rural youth,Free training with tool kit assistance,https://www.myscheme.gov.in,,
National Career Service for Persons with Disabilities,Employment,18.0,,,All,All,Disabled,All,Job matching services for persons with disabilities,Free job matching and career counselling,https://www.myscheme.gov.in,,
PM Kaushal Vikas Yojana 4.0,Skill Development,15.0,45.0,,All,All,Unemployed Youth,All,Fourth phase of national skill training programme,Free skill training with certification and placement,https://www.myscheme.gov.in,,
Jan Aushadhi Suvidha Sanitary Napkin Scheme,Health,,,,All,All,All,Female,Affordable sanitary napkins for women,Sanitary napkins at Re 1 per pad,https://www.myscheme.gov.in,,
Menstrual Hygiene Scheme,Health,10.0,19.0,,All,All,Student,Female,Promotion of menstrual hygiene among adolescent girls,Subsidized sanitary napkins in schools,https://www.myscheme.gov.in,,
National Rural Livelihood Mission Skill Component,Skill Development,18.0,,,All,All,BPL,All,Skill training component of rural livelihood mission,Free skill training for rural poor,https://www.myscheme.gov.in,,
PM Formalization Scheme for Farm Producer Organizations,Agriculture,18.0,,,All,All,Farmer,All,Formation and promotion of farmer producer organizations,Financial and handholding support for FPOs,https://www.myscheme.gov.in,,
Agriculture Marketing Infrastructure Scheme,Agriculture,18.0,,,All,All,Farmer,All,Development of agricultural marketing infrastructure,Subsidy for storage and market infrastructure,https://www.myscheme.gov.in,,
National Cooperative Development Corporation Schemes,Agriculture,18.0,,,All,All,Farmer,All,Support for cooperative sector development,Loans and grants for cooperative societies,https://www.myscheme.gov.in,,
PM Awas Yojana Gramin Convergence Scheme,Housing,18.0,,120000.0,All,All,BPL,All,Convergence of schemes with rural housing beneficiaries,Toilet and LPG connection along with housing,https://www.myscheme.gov.in,,
UP Mukhyamantri Kanya Vivah Anudan Yojana,Social Welfare,18.0,,200000.0,Uttar Pradesh,BPL,All,Female,Financial assistance for marriage of daughters from BPL families,One-time cash assistance for marriage,https://www.myscheme.gov.in,,
UP Samajwadi Awas Yojana,Housing,18.0,,,Uttar Pradesh,BPL,All,All,State housing scheme for below poverty line families,Financial assistance for house construction,https://www.myscheme.gov.in,,
Bihar Mukhyamantri Kanya Suraksha Yojana,Social Welfare,0.0,,,Bihar,All,All,Female,One-time cash benefit at birth of girl child,One-time cash assistance at birth,https://www.myscheme.gov.in,,
Bihar Mukhyamantri Vidyarthi Yojana,Education,18.0,,,Bihar,All,Student,All,Financial assistance for meritorious students,One-time cash incentive for board exam toppers,https://www.myscheme.gov.in,,
Maharashtra Shravanbal Nivrutti Vetan Yojana,Social Welfare,65.0,,,Maharashtra,BPL,Senior Citizen,All,Old age pension scheme for Maharashtra residents,Monthly pension assistance,https://www.myscheme.gov.in,,
Maharashtra Rojgar Hami Yojana,Rural Development,18.0,,,Maharashtra,All,Laborer,All,State employment guarantee scheme,Guaranteed wage employment in rural areas,https://www.myscheme.gov.in,,
MP Mukhyamantri Bal Hriday Upchar Yojana,Health,0.0,18.0,,Madhya Pradesh,All,All,All,Free treatment for children with congenital heart disease,Free surgery and treatment for cardiac conditions,https://www.myscheme.gov.in,,
MP Mukhyamantri Yuva Udyami Yojana,Financial Inclusion,18.0,45.0,,Madhya Pradesh,All,Entrepreneur,All,Loan scheme for young entrepreneurs,Subsidized loans for setting up new enterprises,https://www.myscheme.gov.in,,
Rajasthan Mukhyamantri Nishulk Dawa Yojana,Health,,,,Rajasthan,All,All,All,Free medicines at government health facilities,Free essential medicines,https://www.myscheme.gov.in,,
Rajasthan Mukhyamantri Nishulk Jaanch Yojana,Health,,,,Rajasthan,All,All,All,Free diagnostic tests at government hospitals,Free essential diagnostic tests,https://www.myscheme.gov.in,,
West Bengal Khadya Sathi Scheme,Food Security,,,,West Bengal,BPL,All,All,Subsidized food grains distribution scheme,Rice and wheat at Rs 2 per kg,https://www.myscheme.gov.in,,
West Bengal Sikshashree Scheme,Education,6.0,16.0,,West Bengal,SC/ST,Student,All,Scholarship for SC/ST students in classes 5-8,Annual scholarship amount,https://scholarships.gov.in,,
Tamil Nadu Anaithu Grama Anna Marumalarchi Thittam,Rural Development,,,,Tamil Nadu,All,All,All,Comprehensive village development programme,Infrastructure development in all villages,https://www.myscheme.gov.in,,
Tamil Nadu Kalaignar Kanavu Illam,Housing,18.0,,,Tamil Nadu,BPL,All,All,Housing scheme for poor families,Financial assistance for house construction,https://www.myscheme.gov.in,,
Karnataka Annapurna Yojana,Food Security,65.0,,,Karnataka,BPL,Senior Citizen,All,Free food grains for elderly not covered under pension,10 kg free food grains per month,https://www.myscheme.gov.in,,
Karnataka Vajra Scheme,Social Welfare,18.0,,,Karnataka,SC/ST,All,All,Financial assistance scheme for SC/ST communities,Financial assistance for self employment,https://www.myscheme.gov.in,,
Andhra Pradesh Jagananna Chedodu,Financial Inclusion,18.0,,,Andhra Pradesh,All,Small Trader,All,Financial assistance to small traders and washermen,Annual financial assistance,https://www.myscheme.gov.in,,
Telangana Aasara Widow Pension Scheme,Social Welfare,18.0,,,Telangana,BPL,All,Female,Pension scheme for widows in Telangana,Monthly pension assistance,https://www.myscheme.gov.in,,
Gujarat Vhali Dikri Scheme Extension,Education/Savings,0.0,18.0,600000.0,Gujarat,All,All,Female,Extended enrollment window for girl child savings scheme,Cash assistance in installments till age 18,https://www.myscheme.gov.in,,
Punjab Kanya Sumangal Yojana,Education/Savings,0.0,18.0,,Punjab,All,All,Female,Financial support scheme for girl child education,Cash assistance in installments till age 18,https://www.myscheme.gov.in,,
Haryana Beti Bachao Beti Padhao State Scheme,Education,0.0,18.0,,Haryana,All,All,Female,State-level implementation of girl child welfare scheme,Awareness campaigns and welfare initiatives,https://www.myscheme.gov.in,,
Odisha Ama Ghare LED Scheme,Energy,,,,Odisha,BPL,All,All,Free LED bulb distribution to BPL households,Free LED bulbs for energy savings,https://www.myscheme.gov.in,,
Kerala Pension for Agricultural Workers,Social Welfare,60.0,,,Kerala,All,Farmer,All,Pension scheme for agricultural laborers,Monthly pension assistance,https://www.myscheme.gov.in,,
Assam Swanirbhar Naari Scheme,Financial Inclusion,18.0,,,Assam,All,Women,Female,Support for women self-help groups,Interest-free loans and skill training for SHGs,https://www.myscheme.gov.in,,
Jharkhand Mukhyamantri Kanyadan Yojana,Social Welfare,18.0,,,Jharkhand,BPL,All,Female,Financial assistance for marriage of daughters from poor families,One-time cash assistance for marriage,https://www.myscheme.gov.in,,
Chhattisgarh Mukhyamantri Amrit Sanjeevani Yojana,Health,,,,Chhattisgarh,All,All,All,Free medicines at village health centers,Free essential medicines at health and wellness centers,https://www.myscheme.gov.in,,
Delhi Mukhyamantri Tirth Yatra Yojana,Social Welfare,60.0,,,Delhi,All,Senior Citizen,All,Free pilgrimage tour for senior citizens,Free travel and accommodation for pilgrimage,https://www.myscheme.gov.in,,
Himachal Pradesh Vidhwa Punarvivah Protsahan Yojana,Social Welfare,18.0,,,Himachal Pradesh,All,All,Female,Incentive scheme for remarriage of widows,One-time financial incentive for widow remarriage,https://www.myscheme.gov.in,,
Uttarakhand Mukhyamantri Swarojgar Yojana,Financial Inclusion,18.0,45.0,,Uttarakhand,All,Entrepreneur,All,Self-employment loan scheme for youth,Subsidized loans for setting up small enterprises,https://www.myscheme.gov.in,,
National Means-cum-Merit Scholarship for ST Students,Education,13.0,16.0,150000.0,All,ST,Student,All,Merit scholarship for ST students in classes 9-12,Rs 12000 per year scholarship,https://scholarships.gov.in,,https://scholarships.gov.in
National Fellowship for Minority Students,Education,21.0,,,All,Minority,Student,All,Fellowship for minority students pursuing M.Phil/PhD,Fellowship as per UGC norms,https://scholarships.gov.in,,https://scholarships.gov.in
Free Coaching Scheme for Minority Students,Education,18.0,,600000.0,All,Minority,Student,All,Free coaching for competitive examinations for minorities,Free coaching and stipend,https://scholarships.gov.in,,https://scholarships.gov.in
Padho Pardesh Scheme,Education,18.0,,600000.0,All,Minority,Student,All,Interest subsidy on education loans for overseas studies,Interest subsidy during study period,https://www.myscheme.gov.in,,
PM Jan Vikas Karyakram Skill Component,Skill Development,18.0,,,All,Minority,Unemployed Youth,All,Skill training in minority concentration areas,Free skill training with placement support,https://www.myscheme.gov.in,,
Rashtriya Vayoshri Yojana for Rural Elderly,Health,60.0,,,All,BPL,Senior Citizen,All,Assistive devices for elderly in rural camps,Free assistive devices distribution camps,https://www.myscheme.gov.in,,
National Programme for Healthcare of the Elderly - District Component,Health,60.0,,,All,All,Senior Citizen,All,District level geriatric healthcare services,Free geriatric OPD services at district hospitals,https://www.myscheme.gov.in,,
National AYUSH Mission,Health,,,,All,All,All,All,Promotion of AYUSH systems of medicine,Access to affordable AYUSH healthcare services,https://www.myscheme.gov.in,,
"Ayurveda, Yoga and Naturopathy Promotion Scheme",Health,,,,All,All,All,All,Promotion of traditional medicine systems,Grants for AYUSH hospitals and dispensaries,https://www.myscheme.gov.in,,
PM Surya Ghar Loan Subsidy Extension,Energy,,,,All,All,All,All,Extended subsidy window for rooftop solar installation,Free electricity up to 300 units per month,https://pmsuryaghar.gov.in,,
National Bamboo Mission,Agriculture,18.0,,,All,All,Farmer,All,Promotion of bamboo cultivation and industry,Financial assistance for bamboo plantation,https://www.myscheme.gov.in,,
National Mission on Natural Farming,Agriculture,18.0,,,All,All,Farmer,All,Promotion of chemical-free natural farming,Financial assistance and training for natural farming,https://www.myscheme.gov.in,,
Rashtriya Krishi Vikas Yojana - RAFTAAR,Agriculture,18.0,,,All,All,Farmer,All,Remunerative approaches for agriculture and allied sectors,Financial support for value chain development,https://www.myscheme.gov.in,,
National Project on Organic Farming,Agriculture,18.0,,,All,All,Farmer,All,Promotion of organic inputs and farming practices,Subsidy on organic inputs and certification,https://www.myscheme.gov.in,,
PM Krishi Sinchayee Yojana - Per Drop More Crop,Agriculture,18.0,,,All,All,Farmer,All,Micro irrigation component for water use efficiency,Subsidy on drip and sprinkler irrigation systems,https://www.myscheme.gov.in,,
Integrated Scheme for Agricultural Marketing,Agriculture,18.0,,,All,All,Farmer,All,Development of agricultural marketing infrastructure,Subsidy for market yards and cold storage,https://www.myscheme.gov.in,,
National e-Governance Plan,Digital Services,,,,All,All,All,All,Delivery of government services through electronic means,Online access to government services,https://www.digitalindia.gov.in,,
Digital Village Scheme,Digital Services,,,,All,All,All,All,Digital infrastructure development in villages,Wi-Fi hotspots and digital literacy centers in villages,https://www.myscheme.gov.in,,
Deendayal Upadhyaya Swaniyojan Yojana,Financial Inclusion,18.0,,,All,All,Unemployed Youth,All,Self-employment financing scheme for youth,Subsidized loans for self-employment ventures,https://www.myscheme.gov.in,,
National Livestock Health and Disease Control Programme,Agriculture,18.0,,,All,All,Farmer,All,Livestock disease control and vaccination programme,Free vaccination and disease surveillance for livestock,https://www.myscheme.gov.in,,
Pashu Kisan Credit Card Scheme,Agriculture,18.0,,,All,All,Farmer,All,Credit facility for livestock rearing farmers,Short term credit for animal husbandry activities,https://www.myscheme.gov.in,,
National Cooperative Database and MSP Scheme for Cooperatives,Agriculture,18.0,,,All,All,Farmer,All,Strengthening of cooperative sector for farmers,Support for procurement and marketing cooperatives,https://www.myscheme.gov.in,,
PM Formalisation Scheme for Fisheries Cooperatives,Agriculture,18.0,,,All,All,Fisherman,All,Formation of fisheries cooperative societies,Financial and handholding support for fisheries cooperatives,https://www.myscheme.gov.in,,
Rashtriya Gram Swaraj Abhiyan,Rural Development,,,,All,All,All,All,Capacity building of panchayati raj institutions,Training and infrastructure support for panchayats,https://www.myscheme.gov.in,,
Sansad Adarsh Gram Yojana Phase 2,Rural Development,,,,All,All,All,All,Extended phase of model village development scheme,Convergence of schemes for village development,https://www.myscheme.gov.in,,
Pradhan Mantri Awaas Yojana Gramin - Hill Areas Component,Housing,18.0,,130000.0,All,All,BPL,All,Enhanced housing assistance for hilly and difficult areas,Additional financial assistance for house construction,https://www.myscheme.gov.in,,
National Rurban Mission Cluster Development Scheme,Rural Development,,,,All,All,All,All,Development of rural growth clusters with urban amenities,Infrastructure grants for rurban clusters,https://www.myscheme.gov.in,,
Deendayal Upadhyaya Van Bandhu Kalyan Yojana,Rural Development,,,,All,ST,All,All,Development of tribal dominated areas,Infrastructure and livelihood support in tribal areas,https://www.myscheme.gov.in,,
Pradhan Mantri Van Dhan Vikas Karyakram,Skill Development,18.0,,,All,ST,Tribal,All,Value addition to minor forest produce by tribals,Training and market linkage for forest produce,https://www.myscheme.gov.in,,
Tribal Sub Plan Scheme,Rural Development,,,,All,ST,All,All,Focused development plan for tribal areas,Convergence of schemes for tribal welfare,https://www.myscheme.gov.in,,
Scheduled Caste Sub Plan Scheme,Rural Development,,,,All,SC,All,All,Focused development plan for SC dominated areas,Convergence of schemes for SC welfare,https://www.myscheme.gov.in,,
Special Central Assistance to Scheduled Caste Sub Plan,Financial Inclusion,18.0,,,All,SC,All,All,Additional central funding for SC development projects,Financial support for income generation schemes,https://www.myscheme.gov.in,,
Special Central Assistance to Tribal Sub Plan,Financial Inclusion,18.0,,,All,ST,All,All,Additional central funding for tribal development projects,Financial support for income generation schemes,https://www.myscheme.gov.in,,
National Fellowship for Persons with Disabilities in Higher Education,Education,21.0,,,All,All,Disabled,All,Fellowship for disabled students pursuing research,Fellowship as per UGC norms,https://www.myscheme.gov.in,,
Indira Gandhi National Scheme for Disabled Persons,Social Welfare,18.0,79.0,,All,BPL,Disabled,All,Additional pension support scheme for disabled persons,Monthly pension assistance,https://www.myscheme.gov.in,,
National Programme for Rehabilitation of Persons with Disabilities,Disability Welfare,,,,All,All,Disabled,All,Community-based rehabilitation for persons with disabilities,Rehabilitation services and assistive devices,https://www.myscheme.gov.in,,
Sugamya Bharat Abhiyan,Disability Welfare,,,,All,All,Disabled,All,Accessibility campaign for public infrastructure,"Barrier-free access to buildings, transport and IT",https://www.myscheme.gov.in,,
PM Divyangjan Employment Scheme,Employment,18.0,,,All,All,Disabled,All,Employment support for persons with disabilities,Job matching and vocational training,https://www.myscheme.gov.in,,
National Handicapped Finance and Development Corporation Scheme,Financial Inclusion,18.0,,,All,All,Disabled,All,Concessional loans for disabled entrepreneurs,Low interest loans for self-employment,https://www.myscheme.gov.in,,
PM Vaya Vandana Pension Scheme for Widows,Social Welfare,40.0,,,All,BPL,All,Female,Pension support scheme for widows,Monthly pension assistance,https://www.myscheme.gov.in,,
National Widow Remarriage Incentive Scheme,Social Welfare,18.0,,,All,All,All,Female,Financial incentive to encourage widow remarriage,One-time financial incentive,https://www.myscheme.gov.in,,
Central Sector Scheme for Rehabilitation of Bonded Labour,Social Welfare,18.0,,,All,All,Laborer,All,Rehabilitation of released bonded laborers,One-time financial assistance for rehabilitation,https://www.myscheme.gov.in,,
National Child Labour Project Scheme,Child Welfare,5.0,14.0,,All,All,Student,All,Rehabilitation of child laborers through special schools,"Free education, nutrition and vocational training",https://www.myscheme.gov.in,,
